,ticker,date,open,high,low,close,volume,ex-dividend,split_ratio,adj_open,adj_high,adj_low,adj_close,adj_volume
7436134,ITCI,2014-01-07,16.0,17.0,15.0,15.0,59800.0,0.0,1.0,16.0,17.0,15.0,15.0,59800.0
7436135,ITCI,2014-01-08,17.5,18.0,16.0,17.0,51100.0,0.0,1.0,17.5,18.0,16.0,17.0,51100.0
7436136,ITCI,2014-01-09,17.5,17.75,17.1,17.5,159900.0,0.0,1.0,17.5,17.75,17.1,17.5,159900.0
7436137,ITCI,2014-01-10,17.5,20.0,17.5,18.0,157100.0,0.0,1.0,17.5,20.0,17.5,18.0,157100.0
7436138,ITCI,2014-01-13,18.4,18.5,18.2,18.2,5000.0,0.0,1.0,18.4,18.5,18.2,18.2,5000.0
7436139,ITCI,2014-01-14,19.25,19.25,18.0,18.1,14800.0,0.0,1.0,19.25,19.25,18.0,18.1,14800.0
7436140,ITCI,2014-01-15,18.8,19.0,18.0,18.2,105400.0,0.0,1.0,18.8,19.0,18.0,18.2,105400.0
7436141,ITCI,2014-01-16,18.21,18.65,18.21,18.31,8700.0,0.0,1.0,18.21,18.65,18.21,18.31,8700.0
7436142,ITCI,2014-01-17,18.35,19.0,18.35,19.0,5000.0,0.0,1.0,18.35,19.0,18.35,19.0,5000.0
7436143,ITCI,2014-01-21,19.5,20.0,19.16,20.0,7500.0,0.0,1.0,19.5,20.0,19.16,20.0,7500.0
7436144,ITCI,2014-01-22,20.0,20.0,20.0,20.0,7500.0,0.0,1.0,20.0,20.0,20.0,20.0,7500.0
7436145,ITCI,2014-01-23,20.0,20.0,20.0,20.0,2500.0,0.0,1.0,20.0,20.0,20.0,20.0,2500.0
7436146,ITCI,2014-01-24,19.8,19.8,19.8,19.8,2000.0,0.0,1.0,19.8,19.8,19.8,19.8,2000.0
7436147,ITCI,2014-01-27,20.0,20.0,19.0,19.0,7900.0,0.0,1.0,20.0,20.0,19.0,19.0,7900.0
7436148,ITCI,2014-01-28,18.75,19.5,18.75,19.0,81200.0,0.0,1.0,18.75,19.5,18.75,19.0,81200.0
7436149,ITCI,2014-01-29,19.0,20.0,19.0,19.0,7800.0,0.0,1.0,19.0,20.0,19.0,19.0,7800.0
7436150,ITCI,2014-01-30,18.9,19.0,18.9,19.0,1900.0,0.0,1.0,18.9,19.0,18.9,19.0,1900.0
7436151,ITCI,2014-01-31,18.5,19.93,18.0,19.4,679600.0,0.0,1.0,18.5,19.93,18.0,19.4,679600.0
7436152,ITCI,2014-02-03,19.5,20.0,18.8,20.0,126900.0,0.0,1.0,19.5,20.0,18.8,20.0,126900.0
7436153,ITCI,2014-02-04,19.5,19.5,18.7,19.0,162600.0,0.0,1.0,19.5,19.5,18.7,19.0,162600.0
7436154,ITCI,2014-02-05,19.75,19.75,17.9999,18.46,57900.0,0.0,1.0,19.75,19.75,17.9999,18.46,57900.0
7436155,ITCI,2014-02-06,18.81,18.98,16.75,16.89,219500.0,0.0,1.0,18.81,18.98,16.75,16.89,219500.0
7436156,ITCI,2014-02-07,17.83,17.83,15.8,16.795,60000.0,0.0,1.0,17.83,17.83,15.8,16.795,60000.0
7436157,ITCI,2014-02-10,16.925,17.45,16.6,16.98,79800.0,0.0,1.0,16.925,17.45,16.6,16.98,79800.0
7436158,ITCI,2014-02-11,16.6,17.0,16.512,16.77,110200.0,0.0,1.0,16.6,17.0,16.512,16.77,110200.0
7436159,ITCI,2014-02-12,16.94,17.015,16.65,16.99,48400.0,0.0,1.0,16.94,17.015,16.65,16.99,48400.0
7436160,ITCI,2014-02-13,16.87,17.0,16.79,16.99,41300.0,0.0,1.0,16.87,17.0,16.79,16.99,41300.0
7436161,ITCI,2014-02-14,16.86,17.0,16.51,16.8,40300.0,0.0,1.0,16.86,17.0,16.51,16.8,40300.0
7436162,ITCI,2014-02-18,16.66,17.0,16.5001,16.88,33700.0,0.0,1.0,16.66,17.0,16.5001,16.88,33700.0
7436163,ITCI,2014-02-19,16.95,17.0,16.631,16.78,39000.0,0.0,1.0,16.95,17.0,16.631,16.78,39000.0
7436164,ITCI,2014-02-20,16.85,16.85,16.25,16.3,42600.0,0.0,1.0,16.85,16.85,16.25,16.3,42600.0
7436165,ITCI,2014-02-21,16.48,16.48,16.14,16.24,17100.0,0.0,1.0,16.48,16.48,16.14,16.24,17100.0
7436166,ITCI,2014-02-24,16.29,16.91,16.29,16.77,57700.0,0.0,1.0,16.29,16.91,16.29,16.77,57700.0
7436167,ITCI,2014-02-25,16.72,16.85,16.39,16.67,39500.0,0.0,1.0,16.72,16.85,16.39,16.67,39500.0
7436168,ITCI,2014-02-26,16.85,16.9,16.38,16.49,81200.0,0.0,1.0,16.85,16.9,16.38,16.49,81200.0
7436169,ITCI,2014-02-27,16.5,16.6,16.29,16.59,67400.0,0.0,1.0,16.5,16.6,16.29,16.59,67400.0
7436170,ITCI,2014-02-28,16.39,17.3699,15.9,16.23,40300.0,0.0,1.0,16.39,17.3699,15.9,16.23,40300.0
7436171,ITCI,2014-03-03,17.575,17.575,16.0,16.98,69600.0,0.0,1.0,17.575,17.575,16.0,16.98,69600.0
7436172,ITCI,2014-03-04,16.93,18.19,16.92,17.6,70900.0,0.0,1.0,16.93,18.19,16.92,17.6,70900.0
7436173,ITCI,2014-03-05,17.7,18.4,16.34,17.44,132300.0,0.0,1.0,17.7,18.4,16.34,17.44,132300.0
7436174,ITCI,2014-03-06,17.99,18.58,17.598,18.3,91200.0,0.0,1.0,17.99,18.58,17.598,18.3,91200.0
7436175,ITCI,2014-03-07,18.34,19.5,18.0,19.12,92700.0,0.0,1.0,18.34,19.5,18.0,19.12,92700.0
7436176,ITCI,2014-03-10,19.5,19.78,18.75,19.59,83200.0,0.0,1.0,19.5,19.78,18.75,19.59,83200.0
7436177,ITCI,2014-03-11,19.66,20.5,19.6,20.09,128800.0,0.0,1.0,19.66,20.5,19.6,20.09,128800.0
7436178,ITCI,2014-03-12,20.29,20.97,19.26,20.25,100500.0,0.0,1.0,20.29,20.97,19.26,20.25,100500.0
7436179,ITCI,2014-03-13,20.3,21.264,19.85,20.25,87000.0,0.0,1.0,20.3,21.264,19.85,20.25,87000.0
7436180,ITCI,2014-03-14,20.24,20.5025,19.32,20.0,73000.0,0.0,1.0,20.24,20.5025,19.32,20.0,73000.0
7436181,ITCI,2014-03-17,19.67,20.4667,17.75,18.28,130200.0,0.0,1.0,19.67,20.4667,17.75,18.28,130200.0
7436182,ITCI,2014-03-18,18.26,19.49,18.06,19.4,158000.0,0.0,1.0,18.26,19.49,18.06,19.4,158000.0
7436183,ITCI,2014-03-19,19.357,19.66,19.01,19.39,84900.0,0.0,1.0,19.357,19.66,19.01,19.39,84900.0
7436184,ITCI,2014-03-20,19.31,20.0,19.31,19.78,59400.0,0.0,1.0,19.31,20.0,19.31,19.78,59400.0
7436185,ITCI,2014-03-21,19.8,19.8,17.3,18.56,510400.0,0.0,1.0,19.8,19.8,17.3,18.56,510400.0
7436186,ITCI,2014-03-24,18.43,19.135,17.36,18.98,43300.0,0.0,1.0,18.43,19.135,17.36,18.98,43300.0
7436187,ITCI,2014-03-25,19.04,19.04,18.11,18.73,81700.0,0.0,1.0,19.04,19.04,18.11,18.73,81700.0
7436188,ITCI,2014-03-26,18.81,18.986,17.7,17.92,51500.0,0.0,1.0,18.81,18.986,17.7,17.92,51500.0
7436189,ITCI,2014-03-27,17.5,18.915,16.02,18.7,25000.0,0.0,1.0,17.5,18.915,16.02,18.7,25000.0
7436190,ITCI,2014-03-28,18.2978,19.0,18.29,18.59,17900.0,0.0,1.0,18.2978,19.0,18.29,18.59,17900.0
7436191,ITCI,2014-03-31,18.66,18.88,17.95,18.18,65300.0,0.0,1.0,18.66,18.88,17.95,18.18,65300.0
7436192,ITCI,2014-04-01,18.27,19.0,16.11,19.0,39400.0,0.0,1.0,18.27,19.0,16.11,19.0,39400.0
7436193,ITCI,2014-04-02,18.6175,19.2,18.59,19.0,52900.0,0.0,1.0,18.6175,19.2,18.59,19.0,52900.0
7436194,ITCI,2014-04-03,18.9499,18.99,17.71,18.42,43400.0,0.0,1.0,18.9499,18.99,17.71,18.42,43400.0
7436195,ITCI,2014-04-04,18.39,19.0,16.98,17.05,66200.0,0.0,1.0,18.39,19.0,16.98,17.05,66200.0
7436196,ITCI,2014-04-07,17.12,17.89,15.95,17.49,53400.0,0.0,1.0,17.12,17.89,15.95,17.49,53400.0
7436197,ITCI,2014-04-08,17.51,17.51,16.1,16.5,43400.0,0.0,1.0,17.51,17.51,16.1,16.5,43400.0
7436198,ITCI,2014-04-09,16.6425,18.61,16.6425,18.36,50200.0,0.0,1.0,16.6425,18.61,16.6425,18.36,50200.0
7436199,ITCI,2014-04-10,18.43,19.0,17.99,18.26,65500.0,0.0,1.0,18.43,19.0,17.99,18.26,65500.0
7436200,ITCI,2014-04-11,17.15,18.0,16.89,17.49,46400.0,0.0,1.0,17.15,18.0,16.89,17.49,46400.0
7436201,ITCI,2014-04-14,17.5,18.2,16.67,16.87,42700.0,0.0,1.0,17.5,18.2,16.67,16.87,42700.0
7436202,ITCI,2014-04-15,16.85,16.92,15.78,16.21,44400.0,0.0,1.0,16.85,16.92,15.78,16.21,44400.0
7436203,ITCI,2014-04-16,16.8,16.9,15.28,15.72,41600.0,0.0,1.0,16.8,16.9,15.28,15.72,41600.0
7436204,ITCI,2014-04-17,17.29,17.29,15.71,16.15,44000.0,0.0,1.0,17.29,17.29,15.71,16.15,44000.0
7436205,ITCI,2014-04-21,16.1,16.625,15.46,16.1,61300.0,0.0,1.0,16.1,16.625,15.46,16.1,61300.0
7436206,ITCI,2014-04-22,15.5,16.1,15.46,15.77,65600.0,0.0,1.0,15.5,16.1,15.46,15.77,65600.0
7436207,ITCI,2014-04-23,16.14,16.58,15.75,16.25,55500.0,0.0,1.0,16.14,16.58,15.75,16.25,55500.0
7436208,ITCI,2014-04-24,16.34,16.91,15.92,16.31,39000.0,0.0,1.0,16.34,16.91,15.92,16.31,39000.0
7436209,ITCI,2014-04-25,16.69,16.69,15.9999,16.22,41300.0,0.0,1.0,16.69,16.69,15.9999,16.22,41300.0
7436210,ITCI,2014-04-28,16.27,17.36,16.01,16.95,116600.0,0.0,1.0,16.27,17.36,16.01,16.95,116600.0
7436211,ITCI,2014-04-29,17.1,17.2565,16.27,16.54,81300.0,0.0,1.0,17.1,17.2565,16.27,16.54,81300.0
7436212,ITCI,2014-04-30,16.48,16.93,16.42,16.7,24000.0,0.0,1.0,16.48,16.93,16.42,16.7,24000.0
7436213,ITCI,2014-05-01,16.66,16.862000000000002,16.4101,16.5,62200.0,0.0,1.0,16.66,16.862000000000002,16.4101,16.5,62200.0
7436214,ITCI,2014-05-02,16.41,16.6,15.65,16.08,59200.0,0.0,1.0,16.41,16.6,15.65,16.08,59200.0
7436215,ITCI,2014-05-05,15.83,15.95,15.1601,15.58,35700.0,0.0,1.0,15.83,15.95,15.1601,15.58,35700.0
7436216,ITCI,2014-05-06,15.73,15.93,15.185,15.75,37300.0,0.0,1.0,15.73,15.93,15.185,15.75,37300.0
7436217,ITCI,2014-05-07,15.7,16.13,15.33,15.42,38200.0,0.0,1.0,15.7,16.13,15.33,15.42,38200.0
7436218,ITCI,2014-05-08,15.21,16.46,15.175,16.27,40800.0,0.0,1.0,15.21,16.46,15.175,16.27,40800.0
7436219,ITCI,2014-05-09,16.2,16.8696,15.75,15.95,44700.0,0.0,1.0,16.2,16.8696,15.75,15.95,44700.0
7436220,ITCI,2014-05-12,15.87,16.33,15.54,15.8,58000.0,0.0,1.0,15.87,16.33,15.54,15.8,58000.0
7436221,ITCI,2014-05-13,15.77,16.11,14.95,15.35,88200.0,0.0,1.0,15.77,16.11,14.95,15.35,88200.0
7436222,ITCI,2014-05-14,15.39,15.9,15.05,15.77,40700.0,0.0,1.0,15.39,15.9,15.05,15.77,40700.0
7436223,ITCI,2014-05-15,15.77,16.2,15.55,15.95,105100.0,0.0,1.0,15.77,16.2,15.55,15.95,105100.0
7436224,ITCI,2014-05-16,15.9,16.04,15.78,15.81,54200.0,0.0,1.0,15.9,16.04,15.78,15.81,54200.0
7436225,ITCI,2014-05-19,15.67,16.12,15.17,15.55,66700.0,0.0,1.0,15.67,16.12,15.17,15.55,66700.0
7436226,ITCI,2014-05-20,15.51,15.6,14.76,15.03,34400.0,0.0,1.0,15.51,15.6,14.76,15.03,34400.0
7436227,ITCI,2014-05-21,15.1,15.5,14.7,14.87,90000.0,0.0,1.0,15.1,15.5,14.7,14.87,90000.0
7436228,ITCI,2014-05-22,14.93,15.14,14.92,15.01,40600.0,0.0,1.0,14.93,15.14,14.92,15.01,40600.0
7436229,ITCI,2014-05-23,15.0,15.33,14.55,15.25,56600.0,0.0,1.0,15.0,15.33,14.55,15.25,56600.0
7436230,ITCI,2014-05-27,15.0,15.19,14.84,14.98,68000.0,0.0,1.0,15.0,15.19,14.84,14.98,68000.0
7436231,ITCI,2014-05-28,14.94,15.29,14.535,14.88,47200.0,0.0,1.0,14.94,15.29,14.535,14.88,47200.0
7436232,ITCI,2014-05-29,15.06,15.45,14.77,15.0,67100.0,0.0,1.0,15.06,15.45,14.77,15.0,67100.0
7436233,ITCI,2014-05-30,15.09,15.48,14.65,15.15,150600.0,0.0,1.0,15.09,15.48,14.65,15.15,150600.0
7436234,ITCI,2014-06-02,15.15,15.23,14.95,14.99,52800.0,0.0,1.0,15.15,15.23,14.95,14.99,52800.0
7436235,ITCI,2014-06-03,14.9,15.44,14.74,14.91,69000.0,0.0,1.0,14.9,15.44,14.74,14.91,69000.0
7436236,ITCI,2014-06-04,15.15,16.65,14.86,16.37,78300.0,0.0,1.0,15.15,16.65,14.86,16.37,78300.0
7436237,ITCI,2014-06-05,16.42,16.98,15.13,16.52,92300.0,0.0,1.0,16.42,16.98,15.13,16.52,92300.0
7436238,ITCI,2014-06-06,16.58,16.89,16.0,16.31,29900.0,0.0,1.0,16.58,16.89,16.0,16.31,29900.0
7436239,ITCI,2014-06-09,16.01,17.35,16.01,16.64,43700.0,0.0,1.0,16.01,17.35,16.01,16.64,43700.0
7436240,ITCI,2014-06-10,16.56,16.8,15.67,16.79,23600.0,0.0,1.0,16.56,16.8,15.67,16.79,23600.0
7436241,ITCI,2014-06-11,16.64,16.895,16.51,16.82,27000.0,0.0,1.0,16.64,16.895,16.51,16.82,27000.0
7436242,ITCI,2014-06-12,16.85,16.85,16.6,16.76,44700.0,0.0,1.0,16.85,16.85,16.6,16.76,44700.0
7436243,ITCI,2014-06-13,15.75,17.0,15.75,16.89,28700.0,0.0,1.0,15.75,17.0,15.75,16.89,28700.0
7436244,ITCI,2014-06-16,16.93,17.108,16.23,16.73,75100.0,0.0,1.0,16.93,17.108,16.23,16.73,75100.0
7436245,ITCI,2014-06-17,16.34,16.8801,16.1,16.81,36200.0,0.0,1.0,16.34,16.8801,16.1,16.81,36200.0
7436246,ITCI,2014-06-18,16.85,19.32,16.76,18.28,203200.0,0.0,1.0,16.85,19.32,16.76,18.28,203200.0
7436247,ITCI,2014-06-19,17.12,18.8,17.12,18.52,164600.0,0.0,1.0,17.12,18.8,17.12,18.52,164600.0
7436248,ITCI,2014-06-20,18.61,19.6,17.99,19.26,201400.0,0.0,1.0,18.61,19.6,17.99,19.26,201400.0
7436249,ITCI,2014-06-23,18.87,19.1,16.14,18.95,142700.0,0.0,1.0,18.87,19.1,16.14,18.95,142700.0
7436250,ITCI,2014-06-24,18.81,18.81,17.63,17.79,89600.0,0.0,1.0,18.81,18.81,17.63,17.79,89600.0
7436251,ITCI,2014-06-25,17.53,18.02,16.81,17.17,106900.0,0.0,1.0,17.53,18.02,16.81,17.17,106900.0
7436252,ITCI,2014-06-26,16.84,17.61,16.7,17.39,52200.0,0.0,1.0,16.84,17.61,16.7,17.39,52200.0
7436253,ITCI,2014-06-27,17.18,18.01,16.45,17.15,2285200.0,0.0,1.0,17.18,18.01,16.45,17.15,2285200.0
7436254,ITCI,2014-06-30,17.26,17.26,16.3,16.86,130400.0,0.0,1.0,17.26,17.26,16.3,16.86,130400.0
7436255,ITCI,2014-07-01,16.66,17.14,16.19,16.97,96200.0,0.0,1.0,16.66,17.14,16.19,16.97,96200.0
7436256,ITCI,2014-07-02,16.9,17.24,16.645,17.17,66100.0,0.0,1.0,16.9,17.24,16.645,17.17,66100.0
7436257,ITCI,2014-07-03,17.18,17.18,16.76,16.95,18500.0,0.0,1.0,17.18,17.18,16.76,16.95,18500.0
7436258,ITCI,2014-07-07,16.9,17.24,16.49,16.91,52700.0,0.0,1.0,16.9,17.24,16.49,16.91,52700.0
7436259,ITCI,2014-07-08,16.82,17.0,16.08,16.16,63200.0,0.0,1.0,16.82,17.0,16.08,16.16,63200.0
7436260,ITCI,2014-07-09,16.18,16.18,15.54,15.91,14000.0,0.0,1.0,16.18,16.18,15.54,15.91,14000.0
7436261,ITCI,2014-07-10,15.71,15.71,14.79,15.13,53700.0,0.0,1.0,15.71,15.71,14.79,15.13,53700.0
7436262,ITCI,2014-07-11,15.06,15.44,14.535,15.26,59500.0,0.0,1.0,15.06,15.44,14.535,15.26,59500.0
7436263,ITCI,2014-07-14,15.36,15.36,14.62,15.27,65600.0,0.0,1.0,15.36,15.36,14.62,15.27,65600.0
7436264,ITCI,2014-07-15,15.22,15.26,14.98,15.09,59900.0,0.0,1.0,15.22,15.26,14.98,15.09,59900.0
7436265,ITCI,2014-07-16,15.15,15.2,14.04,14.31,198800.0,0.0,1.0,15.15,15.2,14.04,14.31,198800.0
7436266,ITCI,2014-07-17,14.2,14.75,14.1075,14.32,88100.0,0.0,1.0,14.2,14.75,14.1075,14.32,88100.0
7436267,ITCI,2014-07-18,14.17,14.68,14.12,14.4,131300.0,0.0,1.0,14.17,14.68,14.12,14.4,131300.0
7436268,ITCI,2014-07-21,14.31,14.38,14.011,14.25,70600.0,0.0,1.0,14.31,14.38,14.011,14.25,70600.0
7436269,ITCI,2014-07-22,14.22,14.5,14.17,14.33,71700.0,0.0,1.0,14.22,14.5,14.17,14.33,71700.0
7436270,ITCI,2014-07-23,14.32,14.51,14.1805,14.3,43200.0,0.0,1.0,14.32,14.51,14.1805,14.3,43200.0
7436271,ITCI,2014-07-24,14.28,14.56,14.12,14.17,49400.0,0.0,1.0,14.28,14.56,14.12,14.17,49400.0
7436272,ITCI,2014-07-25,14.06,14.29,13.5,13.72,52000.0,0.0,1.0,14.06,14.29,13.5,13.72,52000.0
7436273,ITCI,2014-07-28,13.71,14.56,13.26,13.34,26900.0,0.0,1.0,13.71,14.56,13.26,13.34,26900.0
7436274,ITCI,2014-07-29,13.31,14.2,13.31,13.86,35800.0,0.0,1.0,13.31,14.2,13.31,13.86,35800.0
7436275,ITCI,2014-07-30,13.96,14.86,13.9,14.79,55800.0,0.0,1.0,13.96,14.86,13.9,14.79,55800.0
7436276,ITCI,2014-07-31,14.62,14.97,14.35,14.49,25800.0,0.0,1.0,14.62,14.97,14.35,14.49,25800.0
7436277,ITCI,2014-08-01,14.55,14.92,14.0,14.78,42400.0,0.0,1.0,14.55,14.92,14.0,14.78,42400.0
7436278,ITCI,2014-08-04,14.88,16.5,14.88,15.86,65000.0,0.0,1.0,14.88,16.5,14.88,15.86,65000.0
7436279,ITCI,2014-08-05,15.8,16.462,14.78,15.34,68400.0,0.0,1.0,15.8,16.462,14.78,15.34,68400.0
7436280,ITCI,2014-08-06,15.23,16.215999999999998,14.62,15.23,26500.0,0.0,1.0,15.23,16.215999999999998,14.62,15.23,26500.0
7436281,ITCI,2014-08-07,16.224,16.224,14.1,14.33,14700.0,0.0,1.0,16.224,16.224,14.1,14.33,14700.0
7436282,ITCI,2014-08-08,14.26,15.54,14.26,15.27,37800.0,0.0,1.0,14.26,15.54,14.26,15.27,37800.0
7436283,ITCI,2014-08-11,15.36,16.0,15.36,15.88,54400.0,0.0,1.0,15.36,16.0,15.36,15.88,54400.0
7436284,ITCI,2014-08-12,15.77,16.63,15.69,15.98,102200.0,0.0,1.0,15.77,16.63,15.69,15.98,102200.0
7436285,ITCI,2014-08-13,15.98,17.98,15.98,17.69,62500.0,0.0,1.0,15.98,17.98,15.98,17.69,62500.0
7436286,ITCI,2014-08-14,17.64,18.99,17.42,18.19,51900.0,0.0,1.0,17.64,18.99,17.42,18.19,51900.0
7436287,ITCI,2014-08-15,18.51,19.77,18.015,18.38,62300.0,0.0,1.0,18.51,19.77,18.015,18.38,62300.0
7436288,ITCI,2014-08-18,18.57,18.96,17.65,17.99,123400.0,0.0,1.0,18.57,18.96,17.65,17.99,123400.0
7436289,ITCI,2014-08-19,18.09,18.09,16.59,17.29,73200.0,0.0,1.0,18.09,18.09,16.59,17.29,73200.0
7436290,ITCI,2014-08-20,17.16,17.59,15.22,15.55,118600.0,0.0,1.0,17.16,17.59,15.22,15.55,118600.0
7436291,ITCI,2014-08-21,15.51,15.55,14.515,14.97,69400.0,0.0,1.0,15.51,15.55,14.515,14.97,69400.0
7436292,ITCI,2014-08-22,14.91,15.806,14.59,15.62,212100.0,0.0,1.0,14.91,15.806,14.59,15.62,212100.0
7436293,ITCI,2014-08-25,15.61,16.26,15.61,15.9,29000.0,0.0,1.0,15.61,16.26,15.61,15.9,29000.0
7436294,ITCI,2014-08-26,15.77,15.91,15.08,15.19,80100.0,0.0,1.0,15.77,15.91,15.08,15.19,80100.0
7436295,ITCI,2014-08-27,15.102,15.31,14.67,14.83,34000.0,0.0,1.0,15.102,15.31,14.67,14.83,34000.0
7436296,ITCI,2014-08-28,14.75,14.9,14.24,14.31,28300.0,0.0,1.0,14.75,14.9,14.24,14.31,28300.0
7436297,ITCI,2014-08-29,14.3,14.44,13.9007,14.22,51700.0,0.0,1.0,14.3,14.44,13.9007,14.22,51700.0
7436298,ITCI,2014-09-02,14.19,14.59,13.8,14.44,69700.0,0.0,1.0,14.19,14.59,13.8,14.44,69700.0
7436299,ITCI,2014-09-03,14.9899,15.2,14.25,14.31,30800.0,0.0,1.0,14.9899,15.2,14.25,14.31,30800.0
7436300,ITCI,2014-09-04,14.37,14.92,14.37,14.63,7500.0,0.0,1.0,14.37,14.92,14.37,14.63,7500.0
7436301,ITCI,2014-09-05,14.53,14.8,14.48,14.68,9100.0,0.0,1.0,14.53,14.8,14.48,14.68,9100.0
7436302,ITCI,2014-09-08,14.78,15.0,14.58,14.72,31800.0,0.0,1.0,14.78,15.0,14.58,14.72,31800.0
7436303,ITCI,2014-09-09,14.95,14.95,14.17,14.22,15900.0,0.0,1.0,14.95,14.95,14.17,14.22,15900.0
7436304,ITCI,2014-09-10,14.18,14.8,14.11,14.62,21500.0,0.0,1.0,14.18,14.8,14.11,14.62,21500.0
7436305,ITCI,2014-09-11,14.76,15.0,14.52,14.79,26700.0,0.0,1.0,14.76,15.0,14.52,14.79,26700.0
7436306,ITCI,2014-09-12,14.75,14.8,14.27,14.29,16000.0,0.0,1.0,14.75,14.8,14.27,14.29,16000.0
7436307,ITCI,2014-09-15,14.65,15.35,13.94,14.22,78400.0,0.0,1.0,14.65,15.35,13.94,14.22,78400.0
7436308,ITCI,2014-09-16,14.16,14.35,14.03,14.13,26500.0,0.0,1.0,14.16,14.35,14.03,14.13,26500.0
7436309,ITCI,2014-09-17,14.1,14.51,14.03,14.14,26400.0,0.0,1.0,14.1,14.51,14.03,14.14,26400.0
7436310,ITCI,2014-09-18,14.21,14.68,14.2,14.45,52100.0,0.0,1.0,14.21,14.68,14.2,14.45,52100.0
7436311,ITCI,2014-09-19,14.47,14.76,13.58,13.79,115400.0,0.0,1.0,14.47,14.76,13.58,13.79,115400.0
7436312,ITCI,2014-09-22,13.74,13.97,13.1,13.12,56300.0,0.0,1.0,13.74,13.97,13.1,13.12,56300.0
7436313,ITCI,2014-09-23,13.03,13.68,12.67,13.08,35500.0,0.0,1.0,13.03,13.68,12.67,13.08,35500.0
7436314,ITCI,2014-09-24,13.43,13.88,13.43,13.76,19040.0,0.0,1.0,13.43,13.88,13.43,13.76,19040.0
7436315,ITCI,2014-09-25,13.6,14.0,13.12,13.21,26139.0,0.0,1.0,13.6,14.0,13.12,13.21,26139.0
7436316,ITCI,2014-09-26,13.24,14.73,13.24,14.47,30279.0,0.0,1.0,13.24,14.73,13.24,14.47,30279.0
7436317,ITCI,2014-09-29,14.26,14.54,13.93,14.51,28008.0,0.0,1.0,14.26,14.54,13.93,14.51,28008.0
7436318,ITCI,2014-09-30,14.45,14.9,13.65,13.71,83831.0,0.0,1.0,14.45,14.9,13.65,13.71,83831.0
7436319,ITCI,2014-10-01,13.75,14.23,13.52,13.61,50044.0,0.0,1.0,13.75,14.23,13.52,13.61,50044.0
7436320,ITCI,2014-10-02,14.3225,14.3225,13.37,14.07,31535.0,0.0,1.0,14.3225,14.3225,13.37,14.07,31535.0
7436321,ITCI,2014-10-03,14.2,15.0,13.75,14.79,67796.0,0.0,1.0,14.2,15.0,13.75,14.79,67796.0
7436322,ITCI,2014-10-06,14.78,15.0,14.6,14.84,36492.0,0.0,1.0,14.78,15.0,14.6,14.84,36492.0
7436323,ITCI,2014-10-07,14.68,15.06,14.3,14.5,33621.0,0.0,1.0,14.68,15.06,14.3,14.5,33621.0
7436324,ITCI,2014-10-08,14.51,15.0,14.16,14.99,42136.0,0.0,1.0,14.51,15.0,14.16,14.99,42136.0
7436325,ITCI,2014-10-09,14.92,14.99,14.31,14.54,23041.0,0.0,1.0,14.92,14.99,14.31,14.54,23041.0
7436326,ITCI,2014-10-10,14.37,14.88,14.33,14.34,34802.0,0.0,1.0,14.37,14.88,14.33,14.34,34802.0
7436327,ITCI,2014-10-13,14.37,15.0,14.37,14.72,37440.0,0.0,1.0,14.37,15.0,14.37,14.72,37440.0
7436328,ITCI,2014-10-14,14.52,14.77,14.09,14.57,77151.0,0.0,1.0,14.52,14.77,14.09,14.57,77151.0
7436329,ITCI,2014-10-15,14.36,15.0,14.06,14.96,49870.0,0.0,1.0,14.36,15.0,14.06,14.96,49870.0
7436330,ITCI,2014-10-16,14.71,16.11,14.71,16.05,44318.0,0.0,1.0,14.71,16.11,14.71,16.05,44318.0
7436331,ITCI,2014-10-17,16.31,16.47,15.37,15.88,44113.0,0.0,1.0,16.31,16.47,15.37,15.88,44113.0
7436332,ITCI,2014-10-20,15.73,16.358,15.46,16.04,33863.0,0.0,1.0,15.73,16.358,15.46,16.04,33863.0
7436333,ITCI,2014-10-21,16.09,17.275,15.01,15.25,50520.0,0.0,1.0,16.09,17.275,15.01,15.25,50520.0
7436334,ITCI,2014-10-22,15.34,15.465,15.14,15.19,20004.0,0.0,1.0,15.34,15.465,15.14,15.19,20004.0
7436335,ITCI,2014-10-23,15.39,15.52,14.85,14.89,41839.0,0.0,1.0,15.39,15.52,14.85,14.89,41839.0
7436336,ITCI,2014-10-24,14.94,14.98,14.65,14.75,15619.0,0.0,1.0,14.94,14.98,14.65,14.75,15619.0
7436337,ITCI,2014-10-27,14.64,15.116,14.51,14.92,13494.0,0.0,1.0,14.64,15.116,14.51,14.92,13494.0
7436338,ITCI,2014-10-28,14.96,15.5,14.89,15.38,40674.0,0.0,1.0,14.96,15.5,14.89,15.38,40674.0
7436339,ITCI,2014-10-29,15.2,15.2,14.8642,15.02,20761.0,0.0,1.0,15.2,15.2,14.8642,15.02,20761.0
7436340,ITCI,2014-10-30,14.91,15.16,14.91,15.1,29252.0,0.0,1.0,14.91,15.16,14.91,15.1,29252.0
7436341,ITCI,2014-10-31,15.49,15.78,14.83,15.5,46376.0,0.0,1.0,15.49,15.78,14.83,15.5,46376.0
7436342,ITCI,2014-11-03,15.2,15.4875,14.6875,15.16,38888.0,0.0,1.0,15.2,15.4875,14.6875,15.16,38888.0
7436343,ITCI,2014-11-04,15.01,15.6,15.01,15.06,28816.0,0.0,1.0,15.01,15.6,15.01,15.06,28816.0
7436344,ITCI,2014-11-05,15.45,15.45,14.77,15.19,21829.0,0.0,1.0,15.45,15.45,14.77,15.19,21829.0
7436345,ITCI,2014-11-06,15.28,15.5,15.0,15.47,41043.0,0.0,1.0,15.28,15.5,15.0,15.47,41043.0
7436346,ITCI,2014-11-07,15.46,15.46,15.08,15.26,29350.0,0.0,1.0,15.46,15.46,15.08,15.26,29350.0
7436347,ITCI,2014-11-10,15.23,15.77,14.92,15.74,45045.0,0.0,1.0,15.23,15.77,14.92,15.74,45045.0
7436348,ITCI,2014-11-11,15.68,15.68,15.13,15.55,46942.0,0.0,1.0,15.68,15.68,15.13,15.55,46942.0
7436349,ITCI,2014-11-12,15.4,15.44,15.01,15.2,42343.0,0.0,1.0,15.4,15.44,15.01,15.2,42343.0
7436350,ITCI,2014-11-13,15.04,15.315,15.03,15.24,23700.0,0.0,1.0,15.04,15.315,15.03,15.24,23700.0
7436351,ITCI,2014-11-14,15.25,15.25,14.94,15.15,14777.0,0.0,1.0,15.25,15.25,14.94,15.15,14777.0
7436352,ITCI,2014-11-17,14.84,14.94,13.9,13.96,26976.0,0.0,1.0,14.84,14.94,13.9,13.96,26976.0
7436353,ITCI,2014-11-18,14.09,14.44,14.09,14.37,18699.0,0.0,1.0,14.09,14.44,14.09,14.37,18699.0
7436354,ITCI,2014-11-19,14.28,14.89,14.25,14.47,15235.0,0.0,1.0,14.28,14.89,14.25,14.47,15235.0
7436355,ITCI,2014-11-20,14.45,14.88,14.45,14.8,12483.0,0.0,1.0,14.45,14.88,14.45,14.8,12483.0
7436356,ITCI,2014-11-21,15.1,15.1,14.6765,14.82,35128.0,0.0,1.0,15.1,15.1,14.6765,14.82,35128.0
7436357,ITCI,2014-11-24,14.825999999999999,15.14,14.825999999999999,15.12,12827.0,0.0,1.0,14.825999999999999,15.14,14.825999999999999,15.12,12827.0
7436358,ITCI,2014-11-25,15.2,15.4179,14.96,14.99,17051.0,0.0,1.0,15.2,15.4179,14.96,14.99,17051.0
7436359,ITCI,2014-11-26,15.0,15.38,14.9001,15.19,25252.0,0.0,1.0,15.0,15.38,14.9001,15.19,25252.0
7436360,ITCI,2014-11-28,15.15,15.18,14.35,14.37,22025.0,0.0,1.0,15.15,15.18,14.35,14.37,22025.0
7436361,ITCI,2014-12-01,14.5,15.45,14.41,15.34,206846.0,0.0,1.0,14.5,15.45,14.41,15.34,206846.0
7436362,ITCI,2014-12-02,15.42,15.55,14.92,15.45,16789.0,0.0,1.0,15.42,15.55,14.92,15.45,16789.0
7436363,ITCI,2014-12-03,15.41,16.43,15.383,16.35,21433.0,0.0,1.0,15.41,16.43,15.383,16.35,21433.0
7436364,ITCI,2014-12-04,16.29,16.55,15.775,16.3,15204.0,0.0,1.0,16.29,16.55,15.775,16.3,15204.0
7436365,ITCI,2014-12-05,16.28,16.76,16.28,16.67,12665.0,0.0,1.0,16.28,16.76,16.28,16.67,12665.0
7436366,ITCI,2014-12-08,16.67,17.24,16.67,16.98,36765.0,0.0,1.0,16.67,17.24,16.67,16.98,36765.0
7436367,ITCI,2014-12-09,16.77,16.96,16.2,16.81,83569.0,0.0,1.0,16.77,16.96,16.2,16.81,83569.0
7436368,ITCI,2014-12-10,16.67,16.9,16.3,16.3,76896.0,0.0,1.0,16.67,16.9,16.3,16.3,76896.0
7436369,ITCI,2014-12-11,16.39,16.81,16.08,16.26,20330.0,0.0,1.0,16.39,16.81,16.08,16.26,20330.0
7436370,ITCI,2014-12-12,16.0,16.19,15.69,15.79,24459.0,0.0,1.0,16.0,16.19,15.69,15.79,24459.0
7436371,ITCI,2014-12-15,15.7,16.06,15.44,15.67,30671.0,0.0,1.0,15.7,16.06,15.44,15.67,30671.0
7436372,ITCI,2014-12-16,15.38,15.99,15.38,15.75,28196.0,0.0,1.0,15.38,15.99,15.38,15.75,28196.0
7436373,ITCI,2014-12-17,15.51,17.0,15.46,16.88,45690.0,0.0,1.0,15.51,17.0,15.46,16.88,45690.0
7436374,ITCI,2014-12-18,17.0,17.55,16.89,17.31,62815.0,0.0,1.0,17.0,17.55,16.89,17.31,62815.0
7436375,ITCI,2014-12-19,17.16,17.3164,16.5,16.73,91867.0,0.0,1.0,17.16,17.3164,16.5,16.73,91867.0
7436376,ITCI,2014-12-22,16.69,17.19,16.52,17.03,25642.0,0.0,1.0,16.69,17.19,16.52,17.03,25642.0
7436377,ITCI,2014-12-23,17.27,18.0,16.99,17.83,27149.0,0.0,1.0,17.27,18.0,16.99,17.83,27149.0
7436378,ITCI,2014-12-24,17.97,18.0,17.57,17.99,8230.0,0.0,1.0,17.97,18.0,17.57,17.99,8230.0
7436379,ITCI,2014-12-26,17.99,19.0,17.87,18.96,18088.0,0.0,1.0,17.99,19.0,17.87,18.96,18088.0
7436380,ITCI,2014-12-29,18.91,18.94,18.03,18.91,26420.0,0.0,1.0,18.91,18.94,18.03,18.91,26420.0
7436381,ITCI,2014-12-30,18.96,18.96,17.9,18.0,38402.0,0.0,1.0,18.96,18.96,17.9,18.0,38402.0
7436382,ITCI,2014-12-31,18.16,18.24,17.5801,17.65,31395.0,0.0,1.0,18.16,18.24,17.5801,17.65,31395.0
7436383,ITCI,2015-01-02,17.91,17.91,17.36,17.57,25383.0,0.0,1.0,17.91,17.91,17.36,17.57,25383.0
7436384,ITCI,2015-01-05,17.32,17.7,17.32,17.38,33002.0,0.0,1.0,17.32,17.7,17.32,17.38,33002.0
7436385,ITCI,2015-01-06,17.67,17.69,16.73,16.78,32868.0,0.0,1.0,17.67,17.69,16.73,16.78,32868.0
7436386,ITCI,2015-01-07,16.87,16.87,16.2901,16.45,23148.0,0.0,1.0,16.87,16.87,16.2901,16.45,23148.0
7436387,ITCI,2015-01-08,16.62,17.7,16.53,17.37,57536.0,0.0,1.0,16.62,17.7,16.53,17.37,57536.0
7436388,ITCI,2015-01-09,17.24,17.28,16.88,16.96,14727.0,0.0,1.0,17.24,17.28,16.88,16.96,14727.0
7436389,ITCI,2015-01-12,17.1,18.855,17.1,18.11,89853.0,0.0,1.0,17.1,18.855,17.1,18.11,89853.0
7436390,ITCI,2015-01-13,18.35,18.35,16.82,18.13,42434.0,0.0,1.0,18.35,18.35,16.82,18.13,42434.0
7436391,ITCI,2015-01-14,17.95,20.8958,17.95,20.35,89759.0,0.0,1.0,17.95,20.8958,17.95,20.35,89759.0
7436392,ITCI,2015-01-15,20.43,21.561999999999998,19.29,19.47,50790.0,0.0,1.0,20.43,21.561999999999998,19.29,19.47,50790.0
7436393,ITCI,2015-01-16,19.37,21.57,18.85,21.45,42732.0,0.0,1.0,19.37,21.57,18.85,21.45,42732.0
7436394,ITCI,2015-01-20,21.38,22.33,19.69,20.19,110230.0,0.0,1.0,21.38,22.33,19.69,20.19,110230.0
7436395,ITCI,2015-01-21,20.3,21.2,19.35,19.75,192860.0,0.0,1.0,20.3,21.2,19.35,19.75,192860.0
7436396,ITCI,2015-01-22,20.0,20.47,19.2432,19.93,41427.0,0.0,1.0,20.0,20.47,19.2432,19.93,41427.0
7436397,ITCI,2015-01-23,20.25,20.25,19.8101,19.86,34676.0,0.0,1.0,20.25,20.25,19.8101,19.86,34676.0
7436398,ITCI,2015-01-26,19.8,20.59,19.26,20.51,48683.0,0.0,1.0,19.8,20.59,19.26,20.51,48683.0
7436399,ITCI,2015-01-27,20.27,20.865,20.05,20.29,38076.0,0.0,1.0,20.27,20.865,20.05,20.29,38076.0
7436400,ITCI,2015-01-28,20.62,20.62,19.78,19.82,44162.0,0.0,1.0,20.62,20.62,19.78,19.82,44162.0
7436401,ITCI,2015-01-29,19.93,20.62,19.71,20.51,45730.0,0.0,1.0,19.93,20.62,19.71,20.51,45730.0
7436402,ITCI,2015-01-30,20.26,20.28,19.36,19.42,55340.0,0.0,1.0,20.26,20.28,19.36,19.42,55340.0
7436403,ITCI,2015-02-02,19.73,20.2,19.22,19.99,45155.0,0.0,1.0,19.73,20.2,19.22,19.99,45155.0
7436404,ITCI,2015-02-03,20.0,20.08,19.62,19.97,22593.0,0.0,1.0,20.0,20.08,19.62,19.97,22593.0
7436405,ITCI,2015-02-04,19.91,19.91,18.94,19.0,33549.0,0.0,1.0,19.91,19.91,18.94,19.0,33549.0
7436406,ITCI,2015-02-05,19.07,19.14,18.83,18.99,37752.0,0.0,1.0,19.07,19.14,18.83,18.99,37752.0
7436407,ITCI,2015-02-06,19.0,19.69,18.84,18.89,30128.0,0.0,1.0,19.0,19.69,18.84,18.89,30128.0
7436408,ITCI,2015-02-09,18.75,19.3,18.5,18.52,14853.0,0.0,1.0,18.75,19.3,18.5,18.52,14853.0
7436409,ITCI,2015-02-10,18.75,19.22,18.6401,19.1,16722.0,0.0,1.0,18.75,19.22,18.6401,19.1,16722.0
7436410,ITCI,2015-02-11,18.99,19.75,18.85,19.68,35631.0,0.0,1.0,18.99,19.75,18.85,19.68,35631.0
7436411,ITCI,2015-02-12,20.68,22.63,20.2,22.08,110440.0,0.0,1.0,20.68,22.63,20.2,22.08,110440.0
7436412,ITCI,2015-02-13,22.2,24.81,22.01,24.53,93666.0,0.0,1.0,22.2,24.81,22.01,24.53,93666.0
7436413,ITCI,2015-02-17,24.96,26.88,24.19,25.58,66324.0,0.0,1.0,24.96,26.88,24.19,25.58,66324.0
7436414,ITCI,2015-02-18,25.71,30.72,25.69,28.57,212792.0,0.0,1.0,25.71,30.72,25.69,28.57,212792.0
7436415,ITCI,2015-02-19,28.62,28.7,25.59,26.38,107716.0,0.0,1.0,28.62,28.7,25.59,26.38,107716.0
7436416,ITCI,2015-02-20,26.48,26.48,25.23,25.65,75044.0,0.0,1.0,26.48,26.48,25.23,25.65,75044.0
7436417,ITCI,2015-02-23,25.51,26.15,25.13,25.54,92711.0,0.0,1.0,25.51,26.15,25.13,25.54,92711.0
7436418,ITCI,2015-02-24,25.41,28.5,24.02,24.31,66417.0,0.0,1.0,25.41,28.5,24.02,24.31,66417.0
7436419,ITCI,2015-02-25,24.39,26.529,24.2,26.0,74825.0,0.0,1.0,24.39,26.529,24.2,26.0,74825.0
7436420,ITCI,2015-02-26,25.88,26.09,25.34,25.99,30785.0,0.0,1.0,25.88,26.09,25.34,25.99,30785.0
7436421,ITCI,2015-02-27,25.86,26.29,24.5,24.85,74771.0,0.0,1.0,25.86,26.29,24.5,24.85,74771.0
7436422,ITCI,2015-03-02,24.95,26.0,24.95,25.93,49010.0,0.0,1.0,24.95,26.0,24.95,25.93,49010.0
7436423,ITCI,2015-03-03,25.89,26.24,25.39,25.73,26558.0,0.0,1.0,25.89,26.24,25.39,25.73,26558.0
7436424,ITCI,2015-03-04,25.1,25.1,23.55,24.2,80567.0,0.0,1.0,25.1,25.1,23.55,24.2,80567.0
7436425,ITCI,2015-03-05,24.0,25.2399,23.7,24.73,138287.0,0.0,1.0,24.0,25.2399,23.7,24.73,138287.0
7436426,ITCI,2015-03-06,24.45,24.5,23.39,23.8,1511535.0,0.0,1.0,24.45,24.5,23.39,23.8,1511535.0
7436427,ITCI,2015-03-09,24.32,24.54,23.83,24.22,330450.0,0.0,1.0,24.32,24.54,23.83,24.22,330450.0
7436428,ITCI,2015-03-10,23.78,26.0,23.07,24.46,563440.0,0.0,1.0,23.78,26.0,23.07,24.46,563440.0
7436429,ITCI,2015-03-11,24.76,24.97,24.16,24.7,184056.0,0.0,1.0,24.76,24.97,24.16,24.7,184056.0
7436430,ITCI,2015-03-12,24.98,25.09,22.86,23.15,209520.0,0.0,1.0,24.98,25.09,22.86,23.15,209520.0
7436431,ITCI,2015-03-13,23.64,24.17,22.74,23.48,371567.0,0.0,1.0,23.64,24.17,22.74,23.48,371567.0
7436432,ITCI,2015-03-16,23.7,24.4699,23.025,24.0,416933.0,0.0,1.0,23.7,24.4699,23.025,24.0,416933.0
7436433,ITCI,2015-03-17,24.33,25.74,23.67,24.49,528145.0,0.0,1.0,24.33,25.74,23.67,24.49,528145.0
7436434,ITCI,2015-03-18,24.35,24.69,24.1,24.57,243206.0,0.0,1.0,24.35,24.69,24.1,24.57,243206.0
7436435,ITCI,2015-03-19,24.57,27.06,24.2,26.34,422412.0,0.0,1.0,24.57,27.06,24.2,26.34,422412.0
7436436,ITCI,2015-03-20,27.39,28.95,26.35,27.64,1403870.0,0.0,1.0,27.39,28.95,26.35,27.64,1403870.0
7436437,ITCI,2015-03-23,27.36,28.6845,26.09,27.5,425596.0,0.0,1.0,27.36,28.6845,26.09,27.5,425596.0
7436438,ITCI,2015-03-24,27.33,28.62,27.0,27.89,222812.0,0.0,1.0,27.33,28.62,27.0,27.89,222812.0
7436439,ITCI,2015-03-25,27.98,29.02,26.22,26.64,278651.0,0.0,1.0,27.98,29.02,26.22,26.64,278651.0
7436440,ITCI,2015-03-26,26.44,27.316,24.32,25.08,320105.0,0.0,1.0,26.44,27.316,24.32,25.08,320105.0
7436441,ITCI,2015-03-27,25.2,25.95,24.87,25.28,198941.0,0.0,1.0,25.2,25.95,24.87,25.28,198941.0
7436442,ITCI,2015-03-30,25.55,25.58,24.34,24.73,241451.0,0.0,1.0,25.55,25.58,24.34,24.73,241451.0
7436443,ITCI,2015-03-31,24.6,24.69,23.71,23.88,429557.0,0.0,1.0,24.6,24.69,23.71,23.88,429557.0
7436444,ITCI,2015-04-01,23.85,24.16,22.7,24.16,203058.0,0.0,1.0,23.85,24.16,22.7,24.16,203058.0
7436445,ITCI,2015-04-02,24.11,24.5,23.53,23.68,96008.0,0.0,1.0,24.11,24.5,23.53,23.68,96008.0
7436446,ITCI,2015-04-06,23.49,24.17,23.17,23.43,81595.0,0.0,1.0,23.49,24.17,23.17,23.43,81595.0
7436447,ITCI,2015-04-07,23.47,24.91,23.47,24.16,148055.0,0.0,1.0,23.47,24.91,23.47,24.16,148055.0
7436448,ITCI,2015-04-08,24.07,24.58,23.96,24.28,158242.0,0.0,1.0,24.07,24.58,23.96,24.28,158242.0
7436449,ITCI,2015-04-09,24.28,24.45,22.8,23.83,179399.0,0.0,1.0,24.28,24.45,22.8,23.83,179399.0
7436450,ITCI,2015-04-10,24.02,24.1,23.26,23.98,87754.0,0.0,1.0,24.02,24.1,23.26,23.98,87754.0
7436451,ITCI,2015-04-13,23.99,24.17,22.94,23.02,196154.0,0.0,1.0,23.99,24.17,22.94,23.02,196154.0
7436452,ITCI,2015-04-14,23.54,24.8928,23.54,24.805,765272.0,0.0,1.0,23.54,24.8928,23.54,24.805,765272.0
7436453,ITCI,2015-04-15,25.0,25.16,23.9,24.45,188366.0,0.0,1.0,25.0,25.16,23.9,24.45,188366.0
7436454,ITCI,2015-04-16,24.18,25.22,24.18,24.95,334130.0,0.0,1.0,24.18,25.22,24.18,24.95,334130.0
7436455,ITCI,2015-04-17,24.58,24.594,23.39,24.36,208997.0,0.0,1.0,24.58,24.594,23.39,24.36,208997.0
7436456,ITCI,2015-04-20,24.64,25.2,24.21,24.38,347272.0,0.0,1.0,24.64,25.2,24.21,24.38,347272.0
7436457,ITCI,2015-04-21,24.59,25.05,24.27,24.59,108906.0,0.0,1.0,24.59,25.05,24.27,24.59,108906.0
7436458,ITCI,2015-04-22,24.5,24.83,23.12,23.78,227283.0,0.0,1.0,24.5,24.83,23.12,23.78,227283.0
7436459,ITCI,2015-04-23,23.78,24.7,23.57,23.965,93776.0,0.0,1.0,23.78,24.7,23.57,23.965,93776.0
7436460,ITCI,2015-04-24,24.05,24.06,22.34,22.71,135578.0,0.0,1.0,24.05,24.06,22.34,22.71,135578.0
7436461,ITCI,2015-04-27,23.0,23.1327,20.485,21.03,279896.0,0.0,1.0,23.0,23.1327,20.485,21.03,279896.0
7436462,ITCI,2015-04-28,21.0,21.3032,19.86,20.64,213830.0,0.0,1.0,21.0,21.3032,19.86,20.64,213830.0
7436463,ITCI,2015-04-29,20.51,20.75,20.03,20.47,154671.0,0.0,1.0,20.51,20.75,20.03,20.47,154671.0
7436464,ITCI,2015-04-30,20.48,21.23,20.25,20.45,279158.0,0.0,1.0,20.48,21.23,20.25,20.45,279158.0
7436465,ITCI,2015-05-01,20.72,21.68,20.56,21.48,229048.0,0.0,1.0,20.72,21.68,20.56,21.48,229048.0
7436466,ITCI,2015-05-04,21.53,22.81,21.46,22.16,265473.0,0.0,1.0,21.53,22.81,21.46,22.16,265473.0
7436467,ITCI,2015-05-05,22.15,22.524,20.64,21.02,268042.0,0.0,1.0,22.15,22.524,20.64,21.02,268042.0
7436468,ITCI,2015-05-06,22.26,23.22,21.06,21.37,337410.0,0.0,1.0,22.26,23.22,21.06,21.37,337410.0
7436469,ITCI,2015-05-07,21.14,22.17,20.88,21.86,144948.0,0.0,1.0,21.14,22.17,20.88,21.86,144948.0
7436470,ITCI,2015-05-08,22.21,22.524,21.56,21.91,123631.0,0.0,1.0,22.21,22.524,21.56,21.91,123631.0
7436471,ITCI,2015-05-11,22.0,23.26,21.9201,22.82,195518.0,0.0,1.0,22.0,23.26,21.9201,22.82,195518.0
7436472,ITCI,2015-05-12,23.04,23.04,22.105,22.8,119967.0,0.0,1.0,23.04,23.04,22.105,22.8,119967.0
7436473,ITCI,2015-05-13,22.81,23.06,22.27,22.4,90434.0,0.0,1.0,22.81,23.06,22.27,22.4,90434.0
7436474,ITCI,2015-05-14,22.56,23.4,22.02,23.18,116758.0,0.0,1.0,22.56,23.4,22.02,23.18,116758.0
7436475,ITCI,2015-05-15,23.07,23.44,22.54,22.91,125716.0,0.0,1.0,23.07,23.44,22.54,22.91,125716.0
7436476,ITCI,2015-05-18,23.22,24.61,23.045,24.17,194176.0,0.0,1.0,23.22,24.61,23.045,24.17,194176.0
7436477,ITCI,2015-05-19,24.11,24.74,23.4001,24.26,171519.0,0.0,1.0,24.11,24.74,23.4001,24.26,171519.0
7436478,ITCI,2015-05-20,24.3,24.7,23.2,24.35,184516.0,0.0,1.0,24.3,24.7,23.2,24.35,184516.0
7436479,ITCI,2015-05-21,24.18,25.13,24.08,24.74,326967.0,0.0,1.0,24.18,25.13,24.08,24.74,326967.0
7436480,ITCI,2015-05-22,24.95,25.77,24.73,24.99,157048.0,0.0,1.0,24.95,25.77,24.73,24.99,157048.0
7436481,ITCI,2015-05-26,24.85,24.8599,24.0,24.21,170002.0,0.0,1.0,24.85,24.8599,24.0,24.21,170002.0
7436482,ITCI,2015-05-27,24.23,26.135,24.13,25.89,211037.0,0.0,1.0,24.23,26.135,24.13,25.89,211037.0
7436483,ITCI,2015-05-28,25.75,26.99,25.75,26.62,211561.0,0.0,1.0,25.75,26.99,25.75,26.62,211561.0
7436484,ITCI,2015-05-29,26.45,27.23,26.01,26.25,353453.0,0.0,1.0,26.45,27.23,26.01,26.25,353453.0
7436485,ITCI,2015-06-01,26.59,27.01,25.8,26.58,238927.0,0.0,1.0,26.59,27.01,25.8,26.58,238927.0
7436486,ITCI,2015-06-02,26.46,27.305999999999997,26.32,26.77,229030.0,0.0,1.0,26.46,27.305999999999997,26.32,26.77,229030.0
7436487,ITCI,2015-06-03,26.9,27.12,26.74,26.88,222975.0,0.0,1.0,26.9,27.12,26.74,26.88,222975.0
7436488,ITCI,2015-06-04,26.7,27.5,26.7,26.99,216681.0,0.0,1.0,26.7,27.5,26.7,26.99,216681.0
7436489,ITCI,2015-06-05,26.98,27.39,26.28,27.19,193386.0,0.0,1.0,26.98,27.39,26.28,27.19,193386.0
7436490,ITCI,2015-06-08,27.01,27.62,26.62,27.2,138675.0,0.0,1.0,27.01,27.62,26.62,27.2,138675.0
7436491,ITCI,2015-06-09,27.68,28.23,26.86,28.15,259125.0,0.0,1.0,27.68,28.23,26.86,28.15,259125.0
7436492,ITCI,2015-06-10,28.12,28.25,27.0,27.87,163413.0,0.0,1.0,28.12,28.25,27.0,27.87,163413.0
7436493,ITCI,2015-06-11,27.83,28.419,27.49,28.33,188792.0,0.0,1.0,27.83,28.419,27.49,28.33,188792.0
7436494,ITCI,2015-06-12,28.24,28.76,28.05,28.46,210269.0,0.0,1.0,28.24,28.76,28.05,28.46,210269.0
7436495,ITCI,2015-06-15,28.4,28.46,25.99,26.33,293836.0,0.0,1.0,28.4,28.46,25.99,26.33,293836.0
7436496,ITCI,2015-06-16,26.44,26.77,26.3,26.58,211036.0,0.0,1.0,26.44,26.77,26.3,26.58,211036.0
7436497,ITCI,2015-06-17,26.86,27.91,26.51,27.22,303713.0,0.0,1.0,26.86,27.91,26.51,27.22,303713.0
7436498,ITCI,2015-06-18,27.44,29.0,27.24,27.31,298748.0,0.0,1.0,27.44,29.0,27.24,27.31,298748.0
7436499,ITCI,2015-06-19,27.42,30.52,27.17,29.84,467139.0,0.0,1.0,27.42,30.52,27.17,29.84,467139.0
7436500,ITCI,2015-06-22,30.5,33.9,30.02,33.42,745888.0,0.0,1.0,30.5,33.9,30.02,33.42,745888.0
7436501,ITCI,2015-06-23,33.75,35.45,33.1,33.25,552615.0,0.0,1.0,33.75,35.45,33.1,33.25,552615.0
7436502,ITCI,2015-06-24,33.0,34.36,31.7,31.95,279055.0,0.0,1.0,33.0,34.36,31.7,31.95,279055.0
7436503,ITCI,2015-06-25,32.0,32.848,31.05,31.92,131050.0,0.0,1.0,32.0,32.848,31.05,31.92,131050.0
7436504,ITCI,2015-06-26,32.0,32.05,31.01,31.77,301014.0,0.0,1.0,32.0,32.05,31.01,31.77,301014.0
7436505,ITCI,2015-06-29,31.51,31.928,30.47,30.94,212670.0,0.0,1.0,31.51,31.928,30.47,30.94,212670.0
7436506,ITCI,2015-06-30,31.24,32.0,30.67,31.95,176186.0,0.0,1.0,31.24,32.0,30.67,31.95,176186.0
7436507,ITCI,2015-07-01,32.0,32.5,31.1,31.46,208190.0,0.0,1.0,32.0,32.5,31.1,31.46,208190.0
7436508,ITCI,2015-07-02,31.51,31.7989,29.78,31.15,279547.0,0.0,1.0,31.51,31.7989,29.78,31.15,279547.0
7436509,ITCI,2015-07-06,30.54,34.48,30.33,34.18,398176.0,0.0,1.0,30.54,34.48,30.33,34.18,398176.0
7436510,ITCI,2015-07-07,33.55,34.45,32.49,33.71,372228.0,0.0,1.0,33.55,34.45,32.49,33.71,372228.0
7436511,ITCI,2015-07-08,33.36,34.29,32.17,32.98,330213.0,0.0,1.0,33.36,34.29,32.17,32.98,330213.0
7436512,ITCI,2015-07-09,33.51,34.17,32.67,33.06,358169.0,0.0,1.0,33.51,34.17,32.67,33.06,358169.0
7436513,ITCI,2015-07-10,33.52,36.17,33.25,34.755,699598.0,0.0,1.0,33.52,36.17,33.25,34.755,699598.0
7436514,ITCI,2015-07-13,35.5,37.0,34.82,35.8,385236.0,0.0,1.0,35.5,37.0,34.82,35.8,385236.0
7436515,ITCI,2015-07-14,35.5,36.6699,35.37,35.54,322971.0,0.0,1.0,35.5,36.6699,35.37,35.54,322971.0
7436516,ITCI,2015-07-15,34.0,37.81,33.46,35.96,608020.0,0.0,1.0,34.0,37.81,33.46,35.96,608020.0
7436517,ITCI,2015-07-16,36.39,37.08,35.3,36.31,289087.0,0.0,1.0,36.39,37.08,35.3,36.31,289087.0
7436518,ITCI,2015-07-17,35.95,36.5,32.79,33.37,591557.0,0.0,1.0,35.95,36.5,32.79,33.37,591557.0
7436519,ITCI,2015-07-20,34.0,34.04,28.72,30.1,1280434.0,0.0,1.0,34.0,34.04,28.72,30.1,1280434.0
7436520,ITCI,2015-07-21,28.85,30.35,28.6001,28.95,400324.0,0.0,1.0,28.85,30.35,28.6001,28.95,400324.0
7436521,ITCI,2015-07-22,28.95,31.171999999999997,28.29,30.71,519216.0,0.0,1.0,28.95,31.171999999999997,28.29,30.71,519216.0
7436522,ITCI,2015-07-23,30.4,30.78,29.52,29.63,300603.0,0.0,1.0,30.4,30.78,29.52,29.63,300603.0
7436523,ITCI,2015-07-24,29.64,30.5392,29.06,29.15,207299.0,0.0,1.0,29.64,30.5392,29.06,29.15,207299.0
7436524,ITCI,2015-07-27,28.77,29.43,28.16,28.52,336628.0,0.0,1.0,28.77,29.43,28.16,28.52,336628.0
7436525,ITCI,2015-07-28,28.82,31.51,28.4,31.22,446170.0,0.0,1.0,28.82,31.51,28.4,31.22,446170.0
7436526,ITCI,2015-07-29,31.17,31.45,28.97,29.42,394234.0,0.0,1.0,31.17,31.45,28.97,29.42,394234.0
7436527,ITCI,2015-07-30,29.2,30.12,28.33,29.33,202640.0,0.0,1.0,29.2,30.12,28.33,29.33,202640.0
7436528,ITCI,2015-07-31,29.54,31.08,28.5,29.1,714634.0,0.0,1.0,29.54,31.08,28.5,29.1,714634.0
7436529,ITCI,2015-08-03,29.21,30.59,29.205,29.58,391264.0,0.0,1.0,29.21,30.59,29.205,29.58,391264.0
7436530,ITCI,2015-08-04,29.6,29.82,28.48,29.18,277810.0,0.0,1.0,29.6,29.82,28.48,29.18,277810.0
7436531,ITCI,2015-08-05,29.29,30.95,28.76,29.0,323591.0,0.0,1.0,29.29,30.95,28.76,29.0,323591.0
7436532,ITCI,2015-08-06,31.5,32.4,30.055,31.43,533531.0,0.0,1.0,31.5,32.4,30.055,31.43,533531.0
7436533,ITCI,2015-08-07,31.19,31.33,29.55,30.98,245939.0,0.0,1.0,31.19,31.33,29.55,30.98,245939.0
7436534,ITCI,2015-08-10,31.31,31.99,30.29,30.6,355928.0,0.0,1.0,31.31,31.99,30.29,30.6,355928.0
7436535,ITCI,2015-08-11,30.23,32.28,29.83,30.33,451090.0,0.0,1.0,30.23,32.28,29.83,30.33,451090.0
7436536,ITCI,2015-08-12,29.85,31.449,29.230999999999998,31.11,400494.0,0.0,1.0,29.85,31.449,29.230999999999998,31.11,400494.0
7436537,ITCI,2015-08-13,31.04,31.7099,29.56,29.8,442235.0,0.0,1.0,31.04,31.7099,29.56,29.8,442235.0
7436538,ITCI,2015-08-14,29.87,30.6,28.87,29.57,343340.0,0.0,1.0,29.87,30.6,28.87,29.57,343340.0
7436539,ITCI,2015-08-17,29.54,31.68,29.41,31.44,510888.0,0.0,1.0,29.54,31.68,29.41,31.44,510888.0
7436540,ITCI,2015-08-18,31.44,31.7154,30.13,30.23,353111.0,0.0,1.0,31.44,31.7154,30.13,30.23,353111.0
7436541,ITCI,2015-08-19,30.0,30.75,29.195,29.86,326336.0,0.0,1.0,30.0,30.75,29.195,29.86,326336.0
7436542,ITCI,2015-08-20,29.46,30.16,28.37,28.45,422849.0,0.0,1.0,29.46,30.16,28.37,28.45,422849.0
7436543,ITCI,2015-08-21,27.58,30.3,27.2501,28.5,589908.0,0.0,1.0,27.58,30.3,27.2501,28.5,589908.0
7436544,ITCI,2015-08-24,27.45,28.06,21.19,25.85,650969.0,0.0,1.0,27.45,28.06,21.19,25.85,650969.0
7436545,ITCI,2015-08-25,27.31,27.31,25.47,25.63,671184.0,0.0,1.0,27.31,27.31,25.47,25.63,671184.0
7436546,ITCI,2015-08-26,26.49,26.52,24.44,25.98,708799.0,0.0,1.0,26.49,26.52,24.44,25.98,708799.0
7436547,ITCI,2015-08-27,26.28,27.697,25.34,25.96,442699.0,0.0,1.0,26.28,27.697,25.34,25.96,442699.0
7436548,ITCI,2015-08-28,25.7,27.06,25.4693,26.96,435559.0,0.0,1.0,25.7,27.06,25.4693,26.96,435559.0
7436549,ITCI,2015-08-31,26.56,27.99,26.43,26.79,476780.0,0.0,1.0,26.56,27.99,26.43,26.79,476780.0
7436550,ITCI,2015-09-01,26.15,27.9,25.83,27.07,920541.0,0.0,1.0,26.15,27.9,25.83,27.07,920541.0
7436551,ITCI,2015-09-02,27.5,27.98,25.42,27.35,1089592.0,0.0,1.0,27.5,27.98,25.42,27.35,1089592.0
7436552,ITCI,2015-09-03,27.61,28.58,26.12,26.47,528200.0,0.0,1.0,27.61,28.58,26.12,26.47,528200.0
7436553,ITCI,2015-09-04,26.06,27.36,26.04,27.12,316354.0,0.0,1.0,26.06,27.36,26.04,27.12,316354.0
7436554,ITCI,2015-09-08,27.54,27.74,26.39,27.54,265196.0,0.0,1.0,27.54,27.74,26.39,27.54,265196.0
7436555,ITCI,2015-09-09,27.84,27.84,25.31,25.43,283535.0,0.0,1.0,27.84,27.84,25.31,25.43,283535.0
7436556,ITCI,2015-09-10,25.5,26.4,25.21,26.24,259386.0,0.0,1.0,25.5,26.4,25.21,26.24,259386.0
7436557,ITCI,2015-09-11,26.03,26.46,25.65,26.23,192226.0,0.0,1.0,26.03,26.46,25.65,26.23,192226.0
7436558,ITCI,2015-09-14,26.16,26.94,25.72,26.7,285982.0,0.0,1.0,26.16,26.94,25.72,26.7,285982.0
7436559,ITCI,2015-09-15,26.66,26.95,25.62,26.11,208151.0,0.0,1.0,26.66,26.95,25.62,26.11,208151.0
7436560,ITCI,2015-09-16,42.4,49.75,42.0201,48.79,13802716.0,0.0,1.0,42.4,49.75,42.0201,48.79,13802716.0
7436561,ITCI,2015-09-17,51.03,58.81,49.28,58.62,4833353.0,0.0,1.0,51.03,58.81,49.28,58.62,4833353.0
7436562,ITCI,2015-09-18,56.0,60.79,53.99,55.6,4948178.0,0.0,1.0,56.0,60.79,53.99,55.6,4948178.0
7436563,ITCI,2015-09-21,55.88,57.22,50.04,50.85,1860542.0,0.0,1.0,55.88,57.22,50.04,50.85,1860542.0
7436564,ITCI,2015-09-22,48.02,50.8299,44.81,44.95,2290967.0,0.0,1.0,48.02,50.8299,44.81,44.95,2290967.0
7436565,ITCI,2015-09-23,45.95,49.37,45.16,47.86,6519186.0,0.0,1.0,45.95,49.37,45.16,47.86,6519186.0
7436566,ITCI,2015-09-24,47.86,48.0,44.21,46.84,1430202.0,0.0,1.0,47.86,48.0,44.21,46.84,1430202.0
7436567,ITCI,2015-09-25,47.0,47.8199,41.27,41.31,1210478.0,0.0,1.0,47.0,47.8199,41.27,41.31,1210478.0
7436568,ITCI,2015-09-28,41.27,41.27,35.185,37.04,1993768.0,0.0,1.0,41.27,41.27,35.185,37.04,1993768.0
7436569,ITCI,2015-09-29,37.47,41.388000000000005,36.3,37.5,1572127.0,0.0,1.0,37.47,41.388000000000005,36.3,37.5,1572127.0
7436570,ITCI,2015-09-30,38.4,40.71,37.55,40.04,1683006.0,0.0,1.0,38.4,40.71,37.55,40.04,1683006.0
7436571,ITCI,2015-10-01,39.55,41.92,38.48,39.41,1015591.0,0.0,1.0,39.55,41.92,38.48,39.41,1015591.0
7436572,ITCI,2015-10-02,38.54,43.59,37.75,43.25,1198377.0,0.0,1.0,38.54,43.59,37.75,43.25,1198377.0
7436573,ITCI,2015-10-05,42.77,44.57,41.17,43.32,697120.0,0.0,1.0,42.77,44.57,41.17,43.32,697120.0
7436574,ITCI,2015-10-06,43.04,43.04,38.198,39.42,686034.0,0.0,1.0,43.04,43.04,38.198,39.42,686034.0
7436575,ITCI,2015-10-07,39.73,42.11,38.04,41.83,678005.0,0.0,1.0,39.73,42.11,38.04,41.83,678005.0
7436576,ITCI,2015-10-08,41.63,42.75,40.601,42.13,716931.0,0.0,1.0,41.63,42.75,40.601,42.13,716931.0
7436577,ITCI,2015-10-09,41.81,44.94,40.8,43.85,642720.0,0.0,1.0,41.81,44.94,40.8,43.85,642720.0
7436578,ITCI,2015-10-12,43.41,45.95,42.53,44.65,594573.0,0.0,1.0,43.41,45.95,42.53,44.65,594573.0
7436579,ITCI,2015-10-13,44.87,45.672,41.32,41.69,697057.0,0.0,1.0,44.87,45.672,41.32,41.69,697057.0
7436580,ITCI,2015-10-14,42.16,42.76,38.32,41.39,989207.0,0.0,1.0,42.16,42.76,38.32,41.39,989207.0
7436581,ITCI,2015-10-15,41.2,43.066,40.91,42.98,907532.0,0.0,1.0,41.2,43.066,40.91,42.98,907532.0
7436582,ITCI,2015-10-16,42.92,43.52,41.685,43.45,312191.0,0.0,1.0,42.92,43.52,41.685,43.45,312191.0
7436583,ITCI,2015-10-19,43.2,45.41,42.315,43.92,252932.0,0.0,1.0,43.2,45.41,42.315,43.92,252932.0
7436584,ITCI,2015-10-20,43.62,44.67,41.86,43.37,456136.0,0.0,1.0,43.62,44.67,41.86,43.37,456136.0
7436585,ITCI,2015-10-21,43.67,44.44,41.18,42.84,426475.0,0.0,1.0,43.67,44.44,41.18,42.84,426475.0
7436586,ITCI,2015-10-22,42.98,44.46,41.75,43.34,614949.0,0.0,1.0,42.98,44.46,41.75,43.34,614949.0
7436587,ITCI,2015-10-23,44.19,47.81,43.58,46.82,614078.0,0.0,1.0,44.19,47.81,43.58,46.82,614078.0
7436588,ITCI,2015-10-26,47.11,48.16,46.04,47.21,436625.0,0.0,1.0,47.11,48.16,46.04,47.21,436625.0
7436589,ITCI,2015-10-27,47.24,50.18,47.06,49.37,477408.0,0.0,1.0,47.24,50.18,47.06,49.37,477408.0
7436590,ITCI,2015-10-28,49.67,52.96,48.5,52.78,612362.0,0.0,1.0,49.67,52.96,48.5,52.78,612362.0
7436591,ITCI,2015-10-29,52.39,54.77,50.58,51.44,590356.0,0.0,1.0,52.39,54.77,50.58,51.44,590356.0
7436592,ITCI,2015-10-30,51.19,52.4999,46.9,47.85,1503235.0,0.0,1.0,51.19,52.4999,46.9,47.85,1503235.0
7436593,ITCI,2015-11-02,48.0,52.98,47.24,52.49,573372.0,0.0,1.0,48.0,52.98,47.24,52.49,573372.0
7436594,ITCI,2015-11-03,52.15,54.13,51.11,53.15,580071.0,0.0,1.0,52.15,54.13,51.11,53.15,580071.0
7436595,ITCI,2015-11-04,53.41,54.07,51.22,52.68,332917.0,0.0,1.0,53.41,54.07,51.22,52.68,332917.0
7436596,ITCI,2015-11-05,52.05,53.7699,49.9,52.82,586256.0,0.0,1.0,52.05,53.7699,49.9,52.82,586256.0
7436597,ITCI,2015-11-06,53.34,53.65,48.52,51.04,809179.0,0.0,1.0,53.34,53.65,48.52,51.04,809179.0
7436598,ITCI,2015-11-09,51.11,51.89,50.06,51.5,595973.0,0.0,1.0,51.11,51.89,50.06,51.5,595973.0
7436599,ITCI,2015-11-10,51.08,56.595,50.76,55.69,832681.0,0.0,1.0,51.08,56.595,50.76,55.69,832681.0
7436600,ITCI,2015-11-11,56.28,56.28,51.8,52.73,298596.0,0.0,1.0,56.28,56.28,51.8,52.73,298596.0
7436601,ITCI,2015-11-12,52.0,52.0,48.09,48.6,496212.0,0.0,1.0,52.0,52.0,48.09,48.6,496212.0
7436602,ITCI,2015-11-13,48.45,49.925,47.7501,48.71,513931.0,0.0,1.0,48.45,49.925,47.7501,48.71,513931.0
7436603,ITCI,2015-11-16,48.97,50.99,47.2947,49.12,307030.0,0.0,1.0,48.97,50.99,47.2947,49.12,307030.0
7436604,ITCI,2015-11-17,49.52,50.66,47.87,49.47,273155.0,0.0,1.0,49.52,50.66,47.87,49.47,273155.0
7436605,ITCI,2015-11-18,49.5,51.99,49.08,51.74,251265.0,0.0,1.0,49.5,51.99,49.08,51.74,251265.0
7436606,ITCI,2015-11-19,52.22,52.8438,50.8,51.56,226104.0,0.0,1.0,52.22,52.8438,50.8,51.56,226104.0
7436607,ITCI,2015-11-20,51.82,54.06,51.41,52.21,375164.0,0.0,1.0,51.82,54.06,51.41,52.21,375164.0
7436608,ITCI,2015-11-23,52.0,57.01,52.0,55.6,464402.0,0.0,1.0,52.0,57.01,52.0,55.6,464402.0
7436609,ITCI,2015-11-24,55.04,57.74,54.59,57.46,317141.0,0.0,1.0,55.04,57.74,54.59,57.46,317141.0
7436610,ITCI,2015-11-25,57.18,58.86,57.18,58.28,590557.0,0.0,1.0,57.18,58.86,57.18,58.28,590557.0
7436611,ITCI,2015-11-27,58.07,59.96,57.72,58.76,213572.0,0.0,1.0,58.07,59.96,57.72,58.76,213572.0
7436612,ITCI,2015-11-30,59.47,59.76,52.35,53.33,499362.0,0.0,1.0,59.47,59.76,52.35,53.33,499362.0
7436613,ITCI,2015-12-01,53.59,55.75,52.15,55.72,493493.0,0.0,1.0,53.59,55.75,52.15,55.72,493493.0
7436614,ITCI,2015-12-02,55.63,57.165,54.14,55.22,505953.0,0.0,1.0,55.63,57.165,54.14,55.22,505953.0
7436615,ITCI,2015-12-03,55.23,56.12,53.15,54.01,333756.0,0.0,1.0,55.23,56.12,53.15,54.01,333756.0
7436616,ITCI,2015-12-04,54.0,57.04,53.91,56.9,451821.0,0.0,1.0,54.0,57.04,53.91,56.9,451821.0
7436617,ITCI,2015-12-07,56.94,57.82,51.16,52.02,471536.0,0.0,1.0,56.94,57.82,51.16,52.02,471536.0
7436618,ITCI,2015-12-08,51.67,55.83,51.52,54.77,411365.0,0.0,1.0,51.67,55.83,51.52,54.77,411365.0
7436619,ITCI,2015-12-09,54.42,54.93,51.73,52.24,376304.0,0.0,1.0,54.42,54.93,51.73,52.24,376304.0
7436620,ITCI,2015-12-10,52.1,55.47,51.8004,55.39,406333.0,0.0,1.0,52.1,55.47,51.8004,55.39,406333.0
7436621,ITCI,2015-12-11,54.35,55.26,52.6,53.52,372609.0,0.0,1.0,54.35,55.26,52.6,53.52,372609.0
7436622,ITCI,2015-12-14,53.44,53.44,49.43,50.76,434855.0,0.0,1.0,53.44,53.44,49.43,50.76,434855.0
7436623,ITCI,2015-12-15,51.38,53.25,50.95,53.14,475021.0,0.0,1.0,51.38,53.25,50.95,53.14,475021.0
7436624,ITCI,2015-12-16,53.58,56.24,52.29,56.07,276147.0,0.0,1.0,53.58,56.24,52.29,56.07,276147.0
7436625,ITCI,2015-12-17,56.11,56.63,53.99,54.6,337780.0,0.0,1.0,56.11,56.63,53.99,54.6,337780.0
7436626,ITCI,2015-12-18,53.93,55.76,53.69,53.91,1172715.0,0.0,1.0,53.93,55.76,53.69,53.91,1172715.0
7436627,ITCI,2015-12-21,54.59,54.59,52.64,53.9,172218.0,0.0,1.0,54.59,54.59,52.64,53.9,172218.0
7436628,ITCI,2015-12-22,54.28,54.28,51.36,52.66,312614.0,0.0,1.0,54.28,54.28,51.36,52.66,312614.0
7436629,ITCI,2015-12-23,52.45,55.62,52.37,54.47,209095.0,0.0,1.0,52.45,55.62,52.37,54.47,209095.0
7436630,ITCI,2015-12-24,54.62,55.02,53.68,54.51,92343.0,0.0,1.0,54.62,55.02,53.68,54.51,92343.0
7436631,ITCI,2015-12-28,54.41,56.475,54.02,56.39,210307.0,0.0,1.0,54.41,56.475,54.02,56.39,210307.0
7436632,ITCI,2015-12-29,57.28,57.55,54.91,55.76,323499.0,0.0,1.0,57.28,57.55,54.91,55.76,323499.0
7436633,ITCI,2015-12-30,55.32,56.758,54.02,55.21,237445.0,0.0,1.0,55.32,56.758,54.02,55.21,237445.0
7436634,ITCI,2015-12-31,54.65,55.2,53.73,53.79,189203.0,0.0,1.0,54.65,55.2,53.73,53.79,189203.0
7436635,ITCI,2016-01-04,52.9,53.99,51.23,53.63,563808.0,0.0,1.0,52.9,53.99,51.23,53.63,563808.0
7436636,ITCI,2016-01-05,53.91,55.35,53.45,54.32,327438.0,0.0,1.0,53.91,55.35,53.45,54.32,327438.0
7436637,ITCI,2016-01-06,53.32,54.32,48.303999999999995,49.21,549972.0,0.0,1.0,53.32,54.32,48.303999999999995,49.21,549972.0
7436638,ITCI,2016-01-07,48.05,48.28,46.5126,47.42,437714.0,0.0,1.0,48.05,48.28,46.5126,47.42,437714.0
7436639,ITCI,2016-01-08,47.73,53.04,43.88,45.35,497118.0,0.0,1.0,47.73,53.04,43.88,45.35,497118.0
7436640,ITCI,2016-01-11,46.03,46.145,42.1601,42.84,487446.0,0.0,1.0,46.03,46.145,42.1601,42.84,487446.0
7436641,ITCI,2016-01-12,43.4,45.48,40.8001,42.96,401180.0,0.0,1.0,43.4,45.48,40.8001,42.96,401180.0
7436642,ITCI,2016-01-13,42.91,46.36,39.37,40.23,458435.0,0.0,1.0,42.91,46.36,39.37,40.23,458435.0
7436643,ITCI,2016-01-14,40.36,44.4,39.3101,43.48,509962.0,0.0,1.0,40.36,44.4,39.3101,43.48,509962.0
7436644,ITCI,2016-01-15,41.41,47.18,41.04,45.41,629876.0,0.0,1.0,41.41,47.18,41.04,45.41,629876.0
7436645,ITCI,2016-01-19,46.03,46.26,43.525,44.6,596786.0,0.0,1.0,46.03,46.26,43.525,44.6,596786.0
7436646,ITCI,2016-01-20,43.69,46.33,42.24,44.43,426104.0,0.0,1.0,43.69,46.33,42.24,44.43,426104.0
7436647,ITCI,2016-01-21,44.21,44.705,41.25,41.58,524805.0,0.0,1.0,44.21,44.705,41.25,41.58,524805.0
7436648,ITCI,2016-01-22,42.91,44.22,40.19,42.56,376926.0,0.0,1.0,42.91,44.22,40.19,42.56,376926.0
7436649,ITCI,2016-01-25,42.07,43.8,41.0,41.74,364000.0,0.0,1.0,42.07,43.8,41.0,41.74,364000.0
7436650,ITCI,2016-01-26,42.14,42.71,40.17,41.59,257798.0,0.0,1.0,42.14,42.71,40.17,41.59,257798.0
7436651,ITCI,2016-01-27,41.53,42.1,38.01,39.04,420553.0,0.0,1.0,41.53,42.1,38.01,39.04,420553.0
7436652,ITCI,2016-01-28,39.6,40.06,36.34,37.54,355142.0,0.0,1.0,39.6,40.06,36.34,37.54,355142.0
7436653,ITCI,2016-01-29,37.59,39.09,35.2784,37.08,615461.0,0.0,1.0,37.59,39.09,35.2784,37.08,615461.0
7436654,ITCI,2016-02-01,36.62,37.3,35.14,36.25,503041.0,0.0,1.0,36.62,37.3,35.14,36.25,503041.0
7436655,ITCI,2016-02-02,35.54,36.16,32.4,32.57,618875.0,0.0,1.0,35.54,36.16,32.4,32.57,618875.0
7436656,ITCI,2016-02-03,33.32,33.797,30.37,32.4,725571.0,0.0,1.0,33.32,33.797,30.37,32.4,725571.0
7436657,ITCI,2016-02-04,32.14,35.47,31.12,32.61,582507.0,0.0,1.0,32.14,35.47,31.12,32.61,582507.0
7436658,ITCI,2016-02-05,32.11,32.595,28.52,28.6,619240.0,0.0,1.0,32.11,32.595,28.52,28.6,619240.0
7436659,ITCI,2016-02-08,27.22,28.0,24.8384,25.84,1040276.0,0.0,1.0,27.22,28.0,24.8384,25.84,1040276.0
7436660,ITCI,2016-02-09,25.16,28.629,25.16,26.52,675232.0,0.0,1.0,25.16,28.629,25.16,26.52,675232.0
7436661,ITCI,2016-02-10,26.59,28.56,25.96,26.1,517739.0,0.0,1.0,26.59,28.56,25.96,26.1,517739.0
7436662,ITCI,2016-02-11,25.49,27.25,24.58,26.61,480712.0,0.0,1.0,25.49,27.25,24.58,26.61,480712.0
7436663,ITCI,2016-02-12,27.4,27.65,25.58,26.19,530323.0,0.0,1.0,27.4,27.65,25.58,26.19,530323.0
7436664,ITCI,2016-02-16,26.83,28.48,26.265,27.9,617904.0,0.0,1.0,26.83,28.48,26.265,27.9,617904.0
7436665,ITCI,2016-02-17,28.99,31.778000000000002,27.8,30.51,912225.0,0.0,1.0,28.99,31.778000000000002,27.8,30.51,912225.0
7436666,ITCI,2016-02-18,30.77,31.04,29.6,29.85,547256.0,0.0,1.0,30.77,31.04,29.6,29.85,547256.0
7436667,ITCI,2016-02-19,29.53,31.04,26.76,30.47,489292.0,0.0,1.0,29.53,31.04,26.76,30.47,489292.0
7436668,ITCI,2016-02-22,31.08,33.27,30.4701,32.56,474125.0,0.0,1.0,31.08,33.27,30.4701,32.56,474125.0
7436669,ITCI,2016-02-23,33.12,34.03,29.42,30.06,730847.0,0.0,1.0,33.12,34.03,29.42,30.06,730847.0
7436670,ITCI,2016-02-24,29.5,30.73,28.04,30.18,834497.0,0.0,1.0,29.5,30.73,28.04,30.18,834497.0
7436671,ITCI,2016-02-25,30.4,32.64,27.44,27.71,1060392.0,0.0,1.0,30.4,32.64,27.44,27.71,1060392.0
7436672,ITCI,2016-02-26,27.99,31.21,27.52,30.4,1036834.0,0.0,1.0,27.99,31.21,27.52,30.4,1036834.0
7436673,ITCI,2016-02-29,30.11,30.395,27.85,28.12,888556.0,0.0,1.0,30.11,30.395,27.85,28.12,888556.0
7436674,ITCI,2016-03-01,28.87,29.83,27.31,29.82,1169502.0,0.0,1.0,28.87,29.83,27.31,29.82,1169502.0
7436675,ITCI,2016-03-02,29.82,31.521,29.27,31.22,1149527.0,0.0,1.0,29.82,31.521,29.27,31.22,1149527.0
7436676,ITCI,2016-03-03,31.11,31.49,30.08,30.73,454266.0,0.0,1.0,31.11,31.49,30.08,30.73,454266.0
7436677,ITCI,2016-03-04,30.85,31.1931,28.98,29.27,584331.0,0.0,1.0,30.85,31.1931,28.98,29.27,584331.0
7436678,ITCI,2016-03-07,29.12,31.98,28.63,31.57,589325.0,0.0,1.0,29.12,31.98,28.63,31.57,589325.0
7436679,ITCI,2016-03-08,31.43,31.5654,29.38,29.47,472899.0,0.0,1.0,31.43,31.5654,29.38,29.47,472899.0
7436680,ITCI,2016-03-09,29.65,29.88,27.26,27.82,636626.0,0.0,1.0,29.65,29.88,27.26,27.82,636626.0
7436681,ITCI,2016-03-10,28.21,29.57,26.02,26.84,608891.0,0.0,1.0,28.21,29.57,26.02,26.84,608891.0
7436682,ITCI,2016-03-11,27.19,27.77,26.3,27.64,607821.0,0.0,1.0,27.19,27.77,26.3,27.64,607821.0
7436683,ITCI,2016-03-14,27.61,28.33,26.88,27.71,427005.0,0.0,1.0,27.61,28.33,26.88,27.71,427005.0
7436684,ITCI,2016-03-15,27.21,27.5791,25.07,26.06,515287.0,0.0,1.0,27.21,27.5791,25.07,26.06,515287.0
7436685,ITCI,2016-03-16,25.9,26.69,24.68,25.25,346238.0,0.0,1.0,25.9,26.69,24.68,25.25,346238.0
7436686,ITCI,2016-03-17,25.09,25.89,23.08,23.6,834060.0,0.0,1.0,25.09,25.89,23.08,23.6,834060.0
7436687,ITCI,2016-03-18,23.79,24.4,22.41,24.16,1293155.0,0.0,1.0,23.79,24.4,22.41,24.16,1293155.0
7436688,ITCI,2016-03-21,24.39,27.01,24.39,26.15,792744.0,0.0,1.0,24.39,27.01,24.39,26.15,792744.0
7436689,ITCI,2016-03-22,25.8,28.23,25.61,27.26,755505.0,0.0,1.0,25.8,28.23,25.61,27.26,755505.0
7436690,ITCI,2016-03-23,27.31,27.59,25.734,26.22,506286.0,0.0,1.0,27.31,27.59,25.734,26.22,506286.0
7436691,ITCI,2016-03-24,25.96,25.96,24.35,25.58,608129.0,0.0,1.0,25.96,25.96,24.35,25.58,608129.0
7436692,ITCI,2016-03-28,25.89,27.79,25.89,26.06,520456.0,0.0,1.0,25.89,27.79,25.89,26.06,520456.0
7436693,ITCI,2016-03-29,25.95,28.64,25.6105,28.52,586390.0,0.0,1.0,25.95,28.64,25.6105,28.52,586390.0
7436694,ITCI,2016-03-30,28.84,29.18,27.4,27.7,527248.0,0.0,1.0,28.84,29.18,27.4,27.7,527248.0
7436695,ITCI,2016-03-31,27.7,28.77,26.91,27.8,512581.0,0.0,1.0,27.7,28.77,26.91,27.8,512581.0
7436696,ITCI,2016-04-01,27.44,28.5417,27.13,28.25,398879.0,0.0,1.0,27.44,28.5417,27.13,28.25,398879.0
7436697,ITCI,2016-04-04,28.26,30.95,28.26,30.52,649854.0,0.0,1.0,28.26,30.95,28.26,30.52,649854.0
7436698,ITCI,2016-04-05,30.01,31.22,29.26,30.25,557825.0,0.0,1.0,30.01,31.22,29.26,30.25,557825.0
7436699,ITCI,2016-04-06,30.45,34.87,30.45,34.45,1036535.0,0.0,1.0,30.45,34.87,30.45,34.45,1036535.0
7436700,ITCI,2016-04-07,34.42,35.73,33.97,34.8,779817.0,0.0,1.0,34.42,35.73,33.97,34.8,779817.0
7436701,ITCI,2016-04-08,35.5,35.8793,33.38,34.28,490632.0,0.0,1.0,35.5,35.8793,33.38,34.28,490632.0
7436702,ITCI,2016-04-11,34.81,34.81,32.86,33.06,389209.0,0.0,1.0,34.81,34.81,32.86,33.06,389209.0
7436703,ITCI,2016-04-12,32.93,33.67,32.12,33.38,294483.0,0.0,1.0,32.93,33.67,32.12,33.38,294483.0
7436704,ITCI,2016-04-13,33.5,34.6,32.8801,34.36,300046.0,0.0,1.0,33.5,34.6,32.8801,34.36,300046.0
7436705,ITCI,2016-04-14,34.42,36.15,33.92,35.51,415642.0,0.0,1.0,34.42,36.15,33.92,35.51,415642.0
7436706,ITCI,2016-04-15,35.29,36.11,34.99,35.34,389278.0,0.0,1.0,35.29,36.11,34.99,35.34,389278.0
7436707,ITCI,2016-04-18,35.0,37.38,35.0,36.85,442994.0,0.0,1.0,35.0,37.38,35.0,36.85,442994.0
7436708,ITCI,2016-04-19,36.95,37.61,35.52,36.14,351185.0,0.0,1.0,36.95,37.61,35.52,36.14,351185.0
7436709,ITCI,2016-04-20,36.15,36.595,34.7715,35.63,252223.0,0.0,1.0,36.15,36.595,34.7715,35.63,252223.0
7436710,ITCI,2016-04-21,35.64,37.915,35.14,37.13,460951.0,0.0,1.0,35.64,37.915,35.14,37.13,460951.0
7436711,ITCI,2016-04-22,37.28,38.18,36.76,37.98,471158.0,0.0,1.0,37.28,38.18,36.76,37.98,471158.0
7436712,ITCI,2016-04-25,37.83,38.416,36.84,37.41,372704.0,0.0,1.0,37.83,38.416,36.84,37.41,372704.0
7436713,ITCI,2016-04-26,37.31,37.34,35.59,36.72,307232.0,0.0,1.0,37.31,37.34,35.59,36.72,307232.0
7436714,ITCI,2016-04-27,36.52,36.88,34.52,35.63,497212.0,0.0,1.0,36.52,36.88,34.52,35.63,497212.0
7436715,ITCI,2016-04-28,36.24,36.54,33.65,34.29,480692.0,0.0,1.0,36.24,36.54,33.65,34.29,480692.0
7436716,ITCI,2016-04-29,34.49,35.08,33.77,34.32,308800.0,0.0,1.0,34.49,35.08,33.77,34.32,308800.0
7436717,ITCI,2016-05-02,34.62,35.24,34.13,35.08,305807.0,0.0,1.0,34.62,35.24,34.13,35.08,305807.0
7436718,ITCI,2016-05-03,34.68,36.25,34.3401,35.07,374016.0,0.0,1.0,34.68,36.25,34.3401,35.07,374016.0
7436719,ITCI,2016-05-04,34.64,34.99,32.07,32.18,358842.0,0.0,1.0,34.64,34.99,32.07,32.18,358842.0
7436720,ITCI,2016-05-05,32.33,32.6,30.45,31.25,473782.0,0.0,1.0,32.33,32.6,30.45,31.25,473782.0
7436721,ITCI,2016-05-06,30.72,31.77,30.1601,30.99,276468.0,0.0,1.0,30.72,31.77,30.1601,30.99,276468.0
7436722,ITCI,2016-05-09,31.17,33.79,30.98,33.14,350314.0,0.0,1.0,31.17,33.79,30.98,33.14,350314.0
7436723,ITCI,2016-05-10,33.36,33.95,32.2,33.44,276437.0,0.0,1.0,33.36,33.95,32.2,33.44,276437.0
7436724,ITCI,2016-05-11,33.34,34.0,32.13,32.33,262428.0,0.0,1.0,33.34,34.0,32.13,32.33,262428.0
7436725,ITCI,2016-05-12,32.27,32.5128,30.67,31.63,285210.0,0.0,1.0,32.27,32.5128,30.67,31.63,285210.0
7436726,ITCI,2016-05-13,31.63,33.49,31.63,32.43,276018.0,0.0,1.0,31.63,33.49,31.63,32.43,276018.0
7436727,ITCI,2016-05-16,32.76,34.85,32.5,34.71,286828.0,0.0,1.0,32.76,34.85,32.5,34.71,286828.0
7436728,ITCI,2016-05-17,34.52,35.3,33.51,33.71,389056.0,0.0,1.0,34.52,35.3,33.51,33.71,389056.0
7436729,ITCI,2016-05-18,33.6,35.45,33.48,34.59,355491.0,0.0,1.0,33.6,35.45,33.48,34.59,355491.0
7436730,ITCI,2016-05-19,34.43,35.42,33.43,34.22,338782.0,0.0,1.0,34.43,35.42,33.43,34.22,338782.0
7436731,ITCI,2016-05-20,34.51,35.65,33.92,35.23,355595.0,0.0,1.0,34.51,35.65,33.92,35.23,355595.0
7436732,ITCI,2016-05-23,35.24,36.77,34.5201,36.74,573260.0,0.0,1.0,35.24,36.77,34.5201,36.74,573260.0
7436733,ITCI,2016-05-24,37.33,37.33,35.88,36.91,359318.0,0.0,1.0,37.33,37.33,35.88,36.91,359318.0
7436734,ITCI,2016-05-25,37.26,37.8,36.41,36.94,307799.0,0.0,1.0,37.26,37.8,36.41,36.94,307799.0
7436735,ITCI,2016-05-26,36.88,37.28,35.43,36.93,322024.0,0.0,1.0,36.88,37.28,35.43,36.93,322024.0
7436736,ITCI,2016-05-27,37.15,37.67,36.08,37.33,400007.0,0.0,1.0,37.15,37.67,36.08,37.33,400007.0
7436737,ITCI,2016-05-31,37.71,39.11,37.37,38.7,361105.0,0.0,1.0,37.71,39.11,37.37,38.7,361105.0
7436738,ITCI,2016-06-01,38.6,40.05,38.22,39.45,330791.0,0.0,1.0,38.6,40.05,38.22,39.45,330791.0
7436739,ITCI,2016-06-02,39.63,41.29,39.45,40.49,358116.0,0.0,1.0,39.63,41.29,39.45,40.49,358116.0
7436740,ITCI,2016-06-03,40.17,40.5299,38.32,39.94,392913.0,0.0,1.0,40.17,40.5299,38.32,39.94,392913.0
7436741,ITCI,2016-06-06,40.3,41.72,39.84,40.91,330258.0,0.0,1.0,40.3,41.72,39.84,40.91,330258.0
7436742,ITCI,2016-06-07,40.58,41.5433,39.55,40.9,286293.0,0.0,1.0,40.58,41.5433,39.55,40.9,286293.0
7436743,ITCI,2016-06-08,40.96,42.025,40.16,41.15,213190.0,0.0,1.0,40.96,42.025,40.16,41.15,213190.0
7436744,ITCI,2016-06-09,40.7,41.9,40.44,41.31,398186.0,0.0,1.0,40.7,41.9,40.44,41.31,398186.0
7436745,ITCI,2016-06-10,40.64,41.91,39.61,40.29,476573.0,0.0,1.0,40.64,41.91,39.61,40.29,476573.0
7436746,ITCI,2016-06-13,39.99,41.58,38.75,39.21,750758.0,0.0,1.0,39.99,41.58,38.75,39.21,750758.0
7436747,ITCI,2016-06-14,39.04,39.98,37.73,38.35,571041.0,0.0,1.0,39.04,39.98,37.73,38.35,571041.0
7436748,ITCI,2016-06-15,38.72,40.0,38.32,39.17,456079.0,0.0,1.0,38.72,40.0,38.32,39.17,456079.0
7436749,ITCI,2016-06-16,38.82,39.615,37.94,39.21,300570.0,0.0,1.0,38.82,39.615,37.94,39.21,300570.0
7436750,ITCI,2016-06-17,39.22,39.61,36.86,37.43,1433728.0,0.0,1.0,39.22,39.61,36.86,37.43,1433728.0
7436751,ITCI,2016-06-20,37.81,39.85,37.34,38.67,616099.0,0.0,1.0,37.81,39.85,37.34,38.67,616099.0
7436752,ITCI,2016-06-21,38.6,38.6,35.9,36.61,570671.0,0.0,1.0,38.6,38.6,35.9,36.61,570671.0
7436753,ITCI,2016-06-22,36.74,36.98,35.05,35.91,575846.0,0.0,1.0,36.74,36.98,35.05,35.91,575846.0
7436754,ITCI,2016-06-23,36.55,37.75,35.85,37.74,342533.0,0.0,1.0,36.55,37.75,35.85,37.74,342533.0
7436755,ITCI,2016-06-24,35.65,37.4,35.23,36.38,1581782.0,0.0,1.0,35.65,37.4,35.23,36.38,1581782.0
7436756,ITCI,2016-06-27,35.94,37.1999,33.96,34.66,674419.0,0.0,1.0,35.94,37.1999,33.96,34.66,674419.0
7436757,ITCI,2016-06-28,35.0,37.5771,34.2101,35.8,512075.0,0.0,1.0,35.0,37.5771,34.2101,35.8,512075.0
7436758,ITCI,2016-06-29,36.36,37.83,36.36,37.43,644400.0,0.0,1.0,36.36,37.83,36.36,37.43,644400.0
7436759,ITCI,2016-06-30,37.48,38.8999,37.02,38.82,626937.0,0.0,1.0,37.48,38.8999,37.02,38.82,626937.0
7436760,ITCI,2016-07-01,38.83,40.28,38.07,39.68,479140.0,0.0,1.0,38.83,40.28,38.07,39.68,479140.0
7436761,ITCI,2016-07-05,39.37,39.46,38.06,38.93,300344.0,0.0,1.0,39.37,39.46,38.06,38.93,300344.0
7436762,ITCI,2016-07-06,38.66,39.98,38.51,39.49,276226.0,0.0,1.0,38.66,39.98,38.51,39.49,276226.0
7436763,ITCI,2016-07-07,39.74,39.8476,38.6,39.67,396072.0,0.0,1.0,39.74,39.8476,38.6,39.67,396072.0
7436764,ITCI,2016-07-08,39.99,40.76,39.137,40.64,305582.0,0.0,1.0,39.99,40.76,39.137,40.64,305582.0
7436765,ITCI,2016-07-11,40.91,41.27,40.26,41.0,208345.0,0.0,1.0,40.91,41.27,40.26,41.0,208345.0
7436766,ITCI,2016-07-12,41.41,42.18,41.0,41.45,288081.0,0.0,1.0,41.41,42.18,41.0,41.45,288081.0
7436767,ITCI,2016-07-13,41.65,41.97,39.39,39.77,324686.0,0.0,1.0,41.65,41.97,39.39,39.77,324686.0
7436768,ITCI,2016-07-14,40.32,40.32,37.7,38.9,340795.0,0.0,1.0,40.32,40.32,37.7,38.9,340795.0
7436769,ITCI,2016-07-15,38.98,39.74,38.47,39.66,246639.0,0.0,1.0,38.98,39.74,38.47,39.66,246639.0
7436770,ITCI,2016-07-18,39.58,40.0,38.98,39.41,229095.0,0.0,1.0,39.58,40.0,38.98,39.41,229095.0
7436771,ITCI,2016-07-19,39.44,39.74,38.57,38.76,240646.0,0.0,1.0,39.44,39.74,38.57,38.76,240646.0
7436772,ITCI,2016-07-20,39.19,40.59,38.89,40.48,384038.0,0.0,1.0,39.19,40.59,38.89,40.48,384038.0
7436773,ITCI,2016-07-21,40.75,41.8,39.99,41.03,441463.0,0.0,1.0,40.75,41.8,39.99,41.03,441463.0
7436774,ITCI,2016-07-22,41.05,41.38,40.52,41.3,264789.0,0.0,1.0,41.05,41.38,40.52,41.3,264789.0
7436775,ITCI,2016-07-25,41.38,41.74,40.22,40.92,207032.0,0.0,1.0,41.38,41.74,40.22,40.92,207032.0
7436776,ITCI,2016-07-26,40.66,41.2998,40.1,40.33,245863.0,0.0,1.0,40.66,41.2998,40.1,40.33,245863.0
7436777,ITCI,2016-07-27,40.5,41.65,40.43,41.59,235737.0,0.0,1.0,40.5,41.65,40.43,41.59,235737.0
7436778,ITCI,2016-07-28,41.72,42.17,40.59,40.97,278890.0,0.0,1.0,41.72,42.17,40.59,40.97,278890.0
7436779,ITCI,2016-07-29,40.81,42.03,39.96,40.8,393437.0,0.0,1.0,40.81,42.03,39.96,40.8,393437.0
7436780,ITCI,2016-08-01,41.01,41.29,40.47,41.24,602602.0,0.0,1.0,41.01,41.29,40.47,41.24,602602.0
7436781,ITCI,2016-08-02,41.15,41.53,40.4087,40.98,352442.0,0.0,1.0,41.15,41.53,40.4087,40.98,352442.0
7436782,ITCI,2016-08-03,40.84,41.461999999999996,40.43,40.94,333009.0,0.0,1.0,40.84,41.461999999999996,40.43,40.94,333009.0
7436783,ITCI,2016-08-04,41.3,41.86,40.6,40.78,337500.0,0.0,1.0,41.3,41.86,40.6,40.78,337500.0
7436784,ITCI,2016-08-05,41.44,43.85,40.72,42.72,1060305.0,0.0,1.0,41.44,43.85,40.72,42.72,1060305.0
7436785,ITCI,2016-08-08,42.89,43.69,42.19,42.98,1354777.0,0.0,1.0,42.89,43.69,42.19,42.98,1354777.0
7436786,ITCI,2016-08-09,42.94,44.02,42.64,43.0,617249.0,0.0,1.0,42.94,44.02,42.64,43.0,617249.0
7436787,ITCI,2016-08-10,43.01,43.26,41.07,41.25,599489.0,0.0,1.0,43.01,43.26,41.07,41.25,599489.0
7436788,ITCI,2016-08-11,41.49,41.8476,40.63,40.72,288370.0,0.0,1.0,41.49,41.8476,40.63,40.72,288370.0
7436789,ITCI,2016-08-12,40.67,40.7,40.07,40.29,209952.0,0.0,1.0,40.67,40.7,40.07,40.29,209952.0
7436790,ITCI,2016-08-15,40.3,41.3,40.18,41.01,319512.0,0.0,1.0,40.3,41.3,40.18,41.01,319512.0
7436791,ITCI,2016-08-16,40.97,41.6,40.45,41.045,376021.0,0.0,1.0,40.97,41.6,40.45,41.045,376021.0
7436792,ITCI,2016-08-17,40.99,41.045,39.5625,40.18,323138.0,0.0,1.0,40.99,41.045,39.5625,40.18,323138.0
7436793,ITCI,2016-08-18,40.07,41.05,40.0,40.96,228871.0,0.0,1.0,40.07,41.05,40.0,40.96,228871.0
7436794,ITCI,2016-08-19,40.71,41.05,40.49,40.73,304897.0,0.0,1.0,40.71,41.05,40.49,40.73,304897.0
7436795,ITCI,2016-08-22,40.85,41.51,40.54,40.99,333052.0,0.0,1.0,40.85,41.51,40.54,40.99,333052.0
7436796,ITCI,2016-08-23,41.19,42.36,40.8,41.96,458082.0,0.0,1.0,41.19,42.36,40.8,41.96,458082.0
7436797,ITCI,2016-08-24,41.81,42.83,40.14,40.65,611116.0,0.0,1.0,41.81,42.83,40.14,40.65,611116.0
7436798,ITCI,2016-08-25,40.73,42.96,39.02,39.68,400025.0,0.0,1.0,40.73,42.96,39.02,39.68,400025.0
7436799,ITCI,2016-08-26,39.79,40.94,39.62,40.38,324363.0,0.0,1.0,39.79,40.94,39.62,40.38,324363.0
7436800,ITCI,2016-08-29,40.47,41.17,39.87,40.7,270975.0,0.0,1.0,40.47,41.17,39.87,40.7,270975.0
7436801,ITCI,2016-08-30,40.63,41.24,40.34,40.99,447171.0,0.0,1.0,40.63,41.24,40.34,40.99,447171.0
7436802,ITCI,2016-08-31,41.07,41.43,40.1,40.34,304979.0,0.0,1.0,41.07,41.43,40.1,40.34,304979.0
7436803,ITCI,2016-09-01,40.35,40.96,40.02,40.63,327019.0,0.0,1.0,40.35,40.96,40.02,40.63,327019.0
7436804,ITCI,2016-09-02,40.81,41.02,39.96,40.43,179408.0,0.0,1.0,40.81,41.02,39.96,40.43,179408.0
7436805,ITCI,2016-09-06,40.43,42.691,40.43,41.55,526538.0,0.0,1.0,40.43,42.691,40.43,41.55,526538.0
7436806,ITCI,2016-09-07,41.67,43.99,41.67,43.86,558504.0,0.0,1.0,41.67,43.99,41.67,43.86,558504.0
7436807,ITCI,2016-09-08,43.94,44.25899999999999,42.8801,43.85,435050.0,0.0,1.0,43.94,44.25899999999999,42.8801,43.85,435050.0
7436808,ITCI,2016-09-09,43.22,43.74,42.32,42.35,322181.0,0.0,1.0,43.22,43.74,42.32,42.35,322181.0
7436809,ITCI,2016-09-12,42.1,43.95,42.04,43.78,202523.0,0.0,1.0,42.1,43.95,42.04,43.78,202523.0
7436810,ITCI,2016-09-13,43.42,43.94,41.74,42.7,255620.0,0.0,1.0,43.42,43.94,41.74,42.7,255620.0
7436811,ITCI,2016-09-14,42.81,43.97,42.81,43.46,235642.0,0.0,1.0,42.81,43.97,42.81,43.46,235642.0
7436812,ITCI,2016-09-15,43.65,45.0,43.54,44.3,521468.0,0.0,1.0,43.65,45.0,43.54,44.3,521468.0
7436813,ITCI,2016-09-16,44.29,45.13,43.64,44.48,783278.0,0.0,1.0,44.29,45.13,43.64,44.48,783278.0
7436814,ITCI,2016-09-19,44.9,45.2,43.91,44.14,599295.0,0.0,1.0,44.9,45.2,43.91,44.14,599295.0
7436815,ITCI,2016-09-20,44.45,44.92,43.46,43.59,337649.0,0.0,1.0,44.45,44.92,43.46,43.59,337649.0
7436816,ITCI,2016-09-21,43.64,44.19,40.52,40.89,873005.0,0.0,1.0,43.64,44.19,40.52,40.89,873005.0
7436817,ITCI,2016-09-22,41.11,41.19,39.765,40.87,516938.0,0.0,1.0,41.11,41.19,39.765,40.87,516938.0
7436818,ITCI,2016-09-23,40.87,42.83,40.87,42.4,589622.0,0.0,1.0,40.87,42.83,40.87,42.4,589622.0
7436819,ITCI,2016-09-26,42.25,42.4,40.71,40.76,330489.0,0.0,1.0,42.25,42.4,40.71,40.76,330489.0
7436820,ITCI,2016-09-27,40.55,41.73,40.2,41.52,421396.0,0.0,1.0,40.55,41.73,40.2,41.52,421396.0
7436821,ITCI,2016-09-28,41.63,42.4,40.7,42.35,2938856.0,0.0,1.0,41.63,42.4,40.7,42.35,2938856.0
7436822,ITCI,2016-09-29,15.41,16.23,14.8801,15.42,15898553.0,0.0,1.0,15.41,16.23,14.8801,15.42,15898553.0
7436823,ITCI,2016-09-30,15.41,15.87,14.44,15.24,5567863.0,0.0,1.0,15.41,15.87,14.44,15.24,5567863.0
7436824,ITCI,2016-10-03,15.24,15.75,15.2,15.46,1982372.0,0.0,1.0,15.24,15.75,15.2,15.46,1982372.0
7436825,ITCI,2016-10-04,15.4,15.4229,14.56,14.65,1546287.0,0.0,1.0,15.4,15.4229,14.56,14.65,1546287.0
7436826,ITCI,2016-10-05,14.61,15.2549,14.345,14.94,1354471.0,0.0,1.0,14.61,15.2549,14.345,14.94,1354471.0
7436827,ITCI,2016-10-06,14.81,14.89,14.48,14.83,809686.0,0.0,1.0,14.81,14.89,14.48,14.83,809686.0
7436828,ITCI,2016-10-07,14.91,15.2,14.64,15.145,854749.0,0.0,1.0,14.91,15.2,14.64,15.145,854749.0
7436829,ITCI,2016-10-10,15.21,15.46,15.01,15.09,1101036.0,0.0,1.0,15.21,15.46,15.01,15.09,1101036.0
7436830,ITCI,2016-10-11,14.89,15.09,14.25,14.46,823346.0,0.0,1.0,14.89,15.09,14.25,14.46,823346.0
7436831,ITCI,2016-10-12,14.48,14.62,13.55,13.59,785507.0,0.0,1.0,14.48,14.62,13.55,13.59,785507.0
7436832,ITCI,2016-10-13,13.48,13.99,13.29,13.43,714501.0,0.0,1.0,13.48,13.99,13.29,13.43,714501.0
7436833,ITCI,2016-10-14,13.5,13.6195,12.98,13.03,591671.0,0.0,1.0,13.5,13.6195,12.98,13.03,591671.0
7436834,ITCI,2016-10-17,13.08,13.28,12.85,13.25,882016.0,0.0,1.0,13.08,13.28,12.85,13.25,882016.0
7436835,ITCI,2016-10-18,13.36,13.62,13.0265,13.12,615527.0,0.0,1.0,13.36,13.62,13.0265,13.12,615527.0
7436836,ITCI,2016-10-19,13.12,13.18,12.95,13.11,579751.0,0.0,1.0,13.12,13.18,12.95,13.11,579751.0
7436837,ITCI,2016-10-20,13.05,13.35,13.011,13.21,427880.0,0.0,1.0,13.05,13.35,13.011,13.21,427880.0
7436838,ITCI,2016-10-21,13.07,13.93,13.07,13.65,879630.0,0.0,1.0,13.07,13.93,13.07,13.65,879630.0
7436839,ITCI,2016-10-24,13.69,13.92,13.19,13.3,534450.0,0.0,1.0,13.69,13.92,13.19,13.3,534450.0
7436840,ITCI,2016-10-25,13.34,13.53,13.01,13.06,647198.0,0.0,1.0,13.34,13.53,13.01,13.06,647198.0
7436841,ITCI,2016-10-26,13.05,13.18,12.75,12.86,799827.0,0.0,1.0,13.05,13.18,12.75,12.86,799827.0
7436842,ITCI,2016-10-27,12.94,13.03,12.17,12.2,810148.0,0.0,1.0,12.94,13.03,12.17,12.2,810148.0
7436843,ITCI,2016-10-28,12.09,12.38,11.66,12.16,609011.0,0.0,1.0,12.09,12.38,11.66,12.16,609011.0
7436844,ITCI,2016-10-31,12.15,12.59,11.97,12.4,633325.0,0.0,1.0,12.15,12.59,11.97,12.4,633325.0
7436845,ITCI,2016-11-01,12.48,12.91,12.34,12.84,797744.0,0.0,1.0,12.48,12.91,12.34,12.84,797744.0
7436846,ITCI,2016-11-02,12.85,12.85,11.77,11.79,767580.0,0.0,1.0,12.85,12.85,11.77,11.79,767580.0
7436847,ITCI,2016-11-03,11.77,11.96,10.81,10.87,915785.0,0.0,1.0,11.77,11.96,10.81,10.87,915785.0
7436848,ITCI,2016-11-04,10.8,11.59,10.8,11.36,572743.0,0.0,1.0,10.8,11.59,10.8,11.36,572743.0
7436849,ITCI,2016-11-07,11.65,12.13,11.53,12.04,458657.0,0.0,1.0,11.65,12.13,11.53,12.04,458657.0
7436850,ITCI,2016-11-08,11.88,12.2197,11.36,12.0,427433.0,0.0,1.0,11.88,12.2197,11.36,12.0,427433.0
7436851,ITCI,2016-11-09,12.96,14.24,12.7936,14.1,1561298.0,0.0,1.0,12.96,14.24,12.7936,14.1,1561298.0
7436852,ITCI,2016-11-10,14.56,15.03,13.49,13.55,1052966.0,0.0,1.0,14.56,15.03,13.49,13.55,1052966.0
7436853,ITCI,2016-11-11,13.49,14.45,13.37,14.4,948655.0,0.0,1.0,13.49,14.45,13.37,14.4,948655.0
7436854,ITCI,2016-11-14,14.57,14.77,14.13,14.3,719036.0,0.0,1.0,14.57,14.77,14.13,14.3,719036.0
7436855,ITCI,2016-11-15,14.16,14.3,13.83,13.91,557044.0,0.0,1.0,14.16,14.3,13.83,13.91,557044.0
7436856,ITCI,2016-11-16,13.91,14.0299,13.32,13.45,601326.0,0.0,1.0,13.91,14.0299,13.32,13.45,601326.0
7436857,ITCI,2016-11-17,13.54,13.67,13.28,13.58,430626.0,0.0,1.0,13.54,13.67,13.28,13.58,430626.0
7436858,ITCI,2016-11-18,13.97,14.15,13.72,13.95,549932.0,0.0,1.0,13.97,14.15,13.72,13.95,549932.0
7436859,ITCI,2016-11-21,14.0,14.04,13.36,13.52,482475.0,0.0,1.0,14.0,14.04,13.36,13.52,482475.0
7436860,ITCI,2016-11-22,13.56,13.72,13.1,13.25,458278.0,0.0,1.0,13.56,13.72,13.1,13.25,458278.0
7436861,ITCI,2016-11-23,13.11,13.65,12.75,13.58,618229.0,0.0,1.0,13.11,13.65,12.75,13.58,618229.0
7436862,ITCI,2016-11-25,13.73,13.76,13.41,13.66,299513.0,0.0,1.0,13.73,13.76,13.41,13.66,299513.0
7436863,ITCI,2016-11-28,13.61,13.745,13.24,13.35,458287.0,0.0,1.0,13.61,13.745,13.24,13.35,458287.0
7436864,ITCI,2016-11-29,13.34,14.01,13.3,13.63,609119.0,0.0,1.0,13.34,14.01,13.3,13.63,609119.0
7436865,ITCI,2016-11-30,13.73,14.02,13.61,13.94,503086.0,0.0,1.0,13.73,14.02,13.61,13.94,503086.0
7436866,ITCI,2016-12-01,13.94,14.23,13.65,13.99,615262.0,0.0,1.0,13.94,14.23,13.65,13.99,615262.0
7436867,ITCI,2016-12-02,13.91,15.23,13.42,15.02,1259353.0,0.0,1.0,13.91,15.23,13.42,15.02,1259353.0
7436868,ITCI,2016-12-05,15.19,15.49,14.96,15.44,1307371.0,0.0,1.0,15.19,15.49,14.96,15.44,1307371.0
7436869,ITCI,2016-12-06,15.51,16.5,15.2001,16.37,1116230.0,0.0,1.0,15.51,16.5,15.2001,16.37,1116230.0
7436870,ITCI,2016-12-07,16.24,16.4,15.77,16.21,1108516.0,0.0,1.0,16.24,16.4,15.77,16.21,1108516.0
7436871,ITCI,2016-12-08,16.67,16.74,15.5318,15.97,730981.0,0.0,1.0,16.67,16.74,15.5318,15.97,730981.0
7436872,ITCI,2016-12-09,16.11,16.2192,15.41,15.5,717858.0,0.0,1.0,16.11,16.2192,15.41,15.5,717858.0
7436873,ITCI,2016-12-12,15.44,15.76,14.75,15.27,740477.0,0.0,1.0,15.44,15.76,14.75,15.27,740477.0
7436874,ITCI,2016-12-13,15.39,15.91,14.98,15.3,889593.0,0.0,1.0,15.39,15.91,14.98,15.3,889593.0
7436875,ITCI,2016-12-14,15.24,15.44,14.5,15.27,688222.0,0.0,1.0,15.24,15.44,14.5,15.27,688222.0
7436876,ITCI,2016-12-15,15.39,16.35,14.91,16.1,1042966.0,0.0,1.0,15.39,16.35,14.91,16.1,1042966.0
7436877,ITCI,2016-12-16,16.93,17.0,15.835,15.99,3096881.0,0.0,1.0,16.93,17.0,15.835,15.99,3096881.0
7436878,ITCI,2016-12-19,15.94,16.35,15.42,15.63,496805.0,0.0,1.0,15.94,16.35,15.42,15.63,496805.0
7436879,ITCI,2016-12-20,15.64,15.93,15.4,15.5,314582.0,0.0,1.0,15.64,15.93,15.4,15.5,314582.0
7436880,ITCI,2016-12-21,15.55,16.09,15.04,15.05,400477.0,0.0,1.0,15.55,16.09,15.04,15.05,400477.0
7436881,ITCI,2016-12-22,15.81,15.92,14.7,14.84,490320.0,0.0,1.0,15.81,15.92,14.7,14.84,490320.0
7436882,ITCI,2016-12-23,14.79,16.18,14.78,16.14,401526.0,0.0,1.0,14.79,16.18,14.78,16.14,401526.0
7436883,ITCI,2016-12-27,16.12,16.41,15.875,15.92,245718.0,0.0,1.0,16.12,16.41,15.875,15.92,245718.0
7436884,ITCI,2016-12-28,16.0,16.05,15.45,15.54,253938.0,0.0,1.0,16.0,16.05,15.45,15.54,253938.0
7436885,ITCI,2016-12-29,15.57,15.809000000000001,15.29,15.52,284731.0,0.0,1.0,15.57,15.809000000000001,15.29,15.52,284731.0
7436886,ITCI,2016-12-30,15.45,15.8,15.09,15.09,476224.0,0.0,1.0,15.45,15.8,15.09,15.09,476224.0
7436887,ITCI,2017-01-03,15.36,15.76,15.16,15.73,410794.0,0.0,1.0,15.36,15.76,15.16,15.73,410794.0
7436888,ITCI,2017-01-04,15.8,16.99,15.75,16.97,529340.0,0.0,1.0,15.8,16.99,15.75,16.97,529340.0
7436889,ITCI,2017-01-05,16.9,17.09,16.27,16.63,385270.0,0.0,1.0,16.9,17.09,16.27,16.63,385270.0
7436890,ITCI,2017-01-06,16.76,17.59,16.51,16.71,612629.0,0.0,1.0,16.76,17.59,16.51,16.71,612629.0
7436891,ITCI,2017-01-09,16.82,17.1,16.47,16.77,450343.0,0.0,1.0,16.82,17.1,16.47,16.77,450343.0
7436892,ITCI,2017-01-10,16.84,16.89,16.25,16.55,412388.0,0.0,1.0,16.84,16.89,16.25,16.55,412388.0
7436893,ITCI,2017-01-11,16.58,16.7099,15.32,15.605,563128.0,0.0,1.0,16.58,16.7099,15.32,15.605,563128.0
7436894,ITCI,2017-01-12,15.47,15.6799,14.68,14.78,824811.0,0.0,1.0,15.47,15.6799,14.68,14.78,824811.0
7436895,ITCI,2017-01-13,14.81,15.63,14.81,14.93,470305.0,0.0,1.0,14.81,15.63,14.81,14.93,470305.0
7436896,ITCI,2017-01-17,14.79,14.99,14.16,14.19,408151.0,0.0,1.0,14.79,14.99,14.16,14.19,408151.0
7436897,ITCI,2017-01-18,14.33,14.41,13.815,14.16,497208.0,0.0,1.0,14.33,14.41,13.815,14.16,497208.0
7436898,ITCI,2017-01-19,14.17,14.26,13.8099,13.85,303529.0,0.0,1.0,14.17,14.26,13.8099,13.85,303529.0
7436899,ITCI,2017-01-20,14.0,14.12,13.51,13.58,398980.0,0.0,1.0,14.0,14.12,13.51,13.58,398980.0
7436900,ITCI,2017-01-23,13.62,13.84,13.52,13.66,333173.0,0.0,1.0,13.62,13.84,13.52,13.66,333173.0
7436901,ITCI,2017-01-24,13.68,13.72,13.06,13.47,338906.0,0.0,1.0,13.68,13.72,13.06,13.47,338906.0
7436902,ITCI,2017-01-25,13.58,13.685,13.34,13.55,274686.0,0.0,1.0,13.58,13.685,13.34,13.55,274686.0
7436903,ITCI,2017-01-26,13.56,13.99,13.56,13.64,158856.0,0.0,1.0,13.56,13.99,13.56,13.64,158856.0
7436904,ITCI,2017-01-27,13.61,13.8,13.38,13.57,202875.0,0.0,1.0,13.61,13.8,13.38,13.57,202875.0
7436905,ITCI,2017-01-30,13.43,13.43,12.8,13.33,274515.0,0.0,1.0,13.43,13.43,12.8,13.33,274515.0
7436906,ITCI,2017-01-31,13.2,14.605,13.01,14.44,808809.0,0.0,1.0,13.2,14.605,13.01,14.44,808809.0
7436907,ITCI,2017-02-01,14.44,14.62,13.58,13.75,395155.0,0.0,1.0,14.44,14.62,13.58,13.75,395155.0
7436908,ITCI,2017-02-02,13.64,13.929,13.52,13.91,227916.0,0.0,1.0,13.64,13.929,13.52,13.91,227916.0
7436909,ITCI,2017-02-03,14.09,14.21,13.75,14.15,206468.0,0.0,1.0,14.09,14.21,13.75,14.15,206468.0
7436910,ITCI,2017-02-06,14.11,14.61,14.05,14.54,354118.0,0.0,1.0,14.11,14.61,14.05,14.54,354118.0
7436911,ITCI,2017-02-07,14.57,14.66,13.8549,14.05,197059.0,0.0,1.0,14.57,14.66,13.8549,14.05,197059.0
7436912,ITCI,2017-02-08,14.03,14.25,13.58,13.73,426226.0,0.0,1.0,14.03,14.25,13.58,13.73,426226.0
7436913,ITCI,2017-02-09,13.79,14.0275,13.5,13.65,363558.0,0.0,1.0,13.79,14.0275,13.5,13.65,363558.0
7436914,ITCI,2017-02-10,13.68,13.81,13.53,13.62,277958.0,0.0,1.0,13.68,13.81,13.53,13.62,277958.0
7436915,ITCI,2017-02-13,13.5,13.63,13.19,13.27,677561.0,0.0,1.0,13.5,13.63,13.19,13.27,677561.0
7436916,ITCI,2017-02-14,13.2,13.73,13.19,13.63,600677.0,0.0,1.0,13.2,13.73,13.19,13.63,600677.0
7436917,ITCI,2017-02-15,13.56,13.6,13.34,13.49,419161.0,0.0,1.0,13.56,13.6,13.34,13.49,419161.0
7436918,ITCI,2017-02-16,13.5,13.53,13.0,13.3,610417.0,0.0,1.0,13.5,13.53,13.0,13.3,610417.0
7436919,ITCI,2017-02-17,13.25,13.43,13.12,13.27,437362.0,0.0,1.0,13.25,13.43,13.12,13.27,437362.0
7436920,ITCI,2017-02-21,13.3,13.4,12.89,13.05,405551.0,0.0,1.0,13.3,13.4,12.89,13.05,405551.0
7436921,ITCI,2017-02-22,13.0,13.06,12.675,12.75,354023.0,0.0,1.0,13.0,13.06,12.675,12.75,354023.0
7436922,ITCI,2017-02-23,12.75,13.22,12.66,12.9,324274.0,0.0,1.0,12.75,13.22,12.66,12.9,324274.0
7436923,ITCI,2017-02-24,12.77,12.9648,12.65,12.81,145383.0,0.0,1.0,12.77,12.9648,12.65,12.81,145383.0
7436924,ITCI,2017-02-27,12.8,13.53,12.8,13.51,300002.0,0.0,1.0,12.8,13.53,12.8,13.51,300002.0
7436925,ITCI,2017-02-28,13.45,13.56,12.91,13.05,592949.0,0.0,1.0,13.45,13.56,12.91,13.05,592949.0
7436926,ITCI,2017-03-01,13.36,14.78,10.425,14.6,2661887.0,0.0,1.0,13.36,14.78,10.425,14.6,2661887.0
7436927,ITCI,2017-03-02,14.63,16.9,14.61,15.12,1545578.0,0.0,1.0,14.63,16.9,14.61,15.12,1545578.0
7436928,ITCI,2017-03-03,15.14,15.43,14.14,14.32,593479.0,0.0,1.0,15.14,15.43,14.14,14.32,593479.0
7436929,ITCI,2017-03-06,14.27,14.589,13.65,13.71,591836.0,0.0,1.0,14.27,14.589,13.65,13.71,591836.0
7436930,ITCI,2017-03-07,13.79,13.9482,13.42,13.68,504966.0,0.0,1.0,13.79,13.9482,13.42,13.68,504966.0
7436931,ITCI,2017-03-08,13.76,14.67,13.76,14.16,464127.0,0.0,1.0,13.76,14.67,13.76,14.16,464127.0
7436932,ITCI,2017-03-09,14.2,14.75,14.02,14.3,313451.0,0.0,1.0,14.2,14.75,14.02,14.3,313451.0
7436933,ITCI,2017-03-10,14.46,14.6,14.025,14.51,283997.0,0.0,1.0,14.46,14.6,14.025,14.51,283997.0
7436934,ITCI,2017-03-13,14.54,15.02,14.4,14.99,412645.0,0.0,1.0,14.54,15.02,14.4,14.99,412645.0
7436935,ITCI,2017-03-14,14.94,15.05,14.6,14.77,349089.0,0.0,1.0,14.94,15.05,14.6,14.77,349089.0
7436936,ITCI,2017-03-15,14.88,15.5,14.8,15.42,328246.0,0.0,1.0,14.88,15.5,14.8,15.42,328246.0
7436937,ITCI,2017-03-16,15.4,15.82,15.22,15.75,403814.0,0.0,1.0,15.4,15.82,15.22,15.75,403814.0
7436938,ITCI,2017-03-17,15.72,15.94,15.02,15.16,729806.0,0.0,1.0,15.72,15.94,15.02,15.16,729806.0
7436939,ITCI,2017-03-20,15.15,15.34,14.71,14.86,352025.0,0.0,1.0,15.15,15.34,14.71,14.86,352025.0
7436940,ITCI,2017-03-21,15.0,15.2355,14.05,14.15,979533.0,0.0,1.0,15.0,15.2355,14.05,14.15,979533.0
7436941,ITCI,2017-03-22,14.15,14.439,13.64,14.41,1482453.0,0.0,1.0,14.15,14.439,13.64,14.41,1482453.0
7436942,ITCI,2017-03-23,14.34,15.01,14.2,14.8,437589.0,0.0,1.0,14.34,15.01,14.2,14.8,437589.0
7436943,ITCI,2017-03-24,14.89,14.93,14.49,14.76,217033.0,0.0,1.0,14.89,14.93,14.49,14.76,217033.0
7436944,ITCI,2017-03-27,14.57,16.27,14.54,16.2,758139.0,0.0,1.0,14.57,16.27,14.54,16.2,758139.0
7436945,ITCI,2017-03-28,16.27,16.58,15.62,16.07,594906.0,0.0,1.0,16.27,16.58,15.62,16.07,594906.0
7436946,ITCI,2017-03-29,16.1,16.69,15.9025,16.44,421358.0,0.0,1.0,16.1,16.69,15.9025,16.44,421358.0
7436947,ITCI,2017-03-30,16.47,16.5,15.65,16.26,600148.0,0.0,1.0,16.47,16.5,15.65,16.26,600148.0
7436948,ITCI,2017-03-31,16.2,16.68,15.81,16.25,545862.0,0.0,1.0,16.2,16.68,15.81,16.25,545862.0
7436949,ITCI,2017-04-03,16.28,17.0768,16.265,16.54,924242.0,0.0,1.0,16.28,17.0768,16.265,16.54,924242.0
7436950,ITCI,2017-04-04,16.49,16.94,14.94,15.24,854383.0,0.0,1.0,16.49,16.94,14.94,15.24,854383.0
7436951,ITCI,2017-04-05,15.22,15.22,14.0632,14.53,1103926.0,0.0,1.0,15.22,15.22,14.0632,14.53,1103926.0
7436952,ITCI,2017-04-06,14.53,15.349,14.31,14.68,857242.0,0.0,1.0,14.53,15.349,14.31,14.68,857242.0
7436953,ITCI,2017-04-07,14.56,14.61,13.88,14.13,653976.0,0.0,1.0,14.56,14.61,13.88,14.13,653976.0
7436954,ITCI,2017-04-10,14.3,14.61,13.8704,14.38,553049.0,0.0,1.0,14.3,14.61,13.8704,14.38,553049.0
7436955,ITCI,2017-04-11,14.35,14.64,13.89,13.97,465652.0,0.0,1.0,14.35,14.64,13.89,13.97,465652.0
7436956,ITCI,2017-04-12,13.95,14.185,13.62,13.82,622756.0,0.0,1.0,13.95,14.185,13.62,13.82,622756.0
7436957,ITCI,2017-04-13,13.75,14.04,13.7,13.78,193684.0,0.0,1.0,13.75,14.04,13.7,13.78,193684.0
7436958,ITCI,2017-04-17,13.81,13.865,13.25,13.45,376080.0,0.0,1.0,13.81,13.865,13.25,13.45,376080.0
7436959,ITCI,2017-04-18,13.45,13.48,13.1,13.39,311943.0,0.0,1.0,13.45,13.48,13.1,13.39,311943.0
7436960,ITCI,2017-04-19,13.41,13.735,13.27,13.65,449854.0,0.0,1.0,13.41,13.735,13.27,13.65,449854.0
7436961,ITCI,2017-04-20,13.67,13.83,12.77,12.81,882014.0,0.0,1.0,13.67,13.83,12.77,12.81,882014.0
7436962,ITCI,2017-04-21,12.86,13.08,12.11,12.41,888355.0,0.0,1.0,12.86,13.08,12.11,12.41,888355.0
7436963,ITCI,2017-04-24,12.56,12.79,12.31,12.46,429907.0,0.0,1.0,12.56,12.79,12.31,12.46,429907.0
7436964,ITCI,2017-04-25,12.54,12.72,12.17,12.58,653857.0,0.0,1.0,12.54,12.72,12.17,12.58,653857.0
7436965,ITCI,2017-04-26,12.6,13.17,12.27,12.97,436310.0,0.0,1.0,12.6,13.17,12.27,12.97,436310.0
7436966,ITCI,2017-04-27,13.0,13.55,12.74,13.45,431973.0,0.0,1.0,13.0,13.55,12.74,13.45,431973.0
7436967,ITCI,2017-04-28,13.48,13.92,13.33,13.82,526393.0,0.0,1.0,13.48,13.92,13.33,13.82,526393.0
7436968,ITCI,2017-05-01,8.1,11.43,7.85,10.49,14729445.0,0.0,1.0,8.1,11.43,7.85,10.49,14729445.0
7436969,ITCI,2017-05-02,10.13,10.19,9.21,9.445,4577550.0,0.0,1.0,10.13,10.19,9.21,9.445,4577550.0
7436970,ITCI,2017-05-03,9.3,9.87,9.28,9.32,1188257.0,0.0,1.0,9.3,9.87,9.28,9.32,1188257.0
7436971,ITCI,2017-05-04,9.33,9.66,9.0424,9.3,650388.0,0.0,1.0,9.33,9.66,9.0424,9.3,650388.0
7436972,ITCI,2017-05-05,9.28,9.43,9.15,9.35,384575.0,0.0,1.0,9.28,9.43,9.15,9.35,384575.0
7436973,ITCI,2017-05-08,9.32,9.47,9.14,9.28,423341.0,0.0,1.0,9.32,9.47,9.14,9.28,423341.0
7436974,ITCI,2017-05-09,9.3,9.3,9.11,9.26,349605.0,0.0,1.0,9.3,9.3,9.11,9.26,349605.0
7436975,ITCI,2017-05-10,9.28,10.655,9.14,10.52,1910139.0,0.0,1.0,9.28,10.655,9.14,10.52,1910139.0
7436976,ITCI,2017-05-11,10.41,11.2499,10.27,10.72,964376.0,0.0,1.0,10.41,11.2499,10.27,10.72,964376.0
7436977,ITCI,2017-05-12,10.74,11.58,10.66,11.26,811718.0,0.0,1.0,10.74,11.58,10.66,11.26,811718.0
7436978,ITCI,2017-05-15,11.24,11.5,10.75,11.16,388388.0,0.0,1.0,11.24,11.5,10.75,11.16,388388.0
7436979,ITCI,2017-05-16,11.18,11.7199,11.15,11.44,508569.0,0.0,1.0,11.18,11.7199,11.15,11.44,508569.0
7436980,ITCI,2017-05-17,11.32,11.4299,10.67,10.74,322026.0,0.0,1.0,11.32,11.4299,10.67,10.74,322026.0
7436981,ITCI,2017-05-18,10.79,11.05,10.56,10.72,565787.0,0.0,1.0,10.79,11.05,10.56,10.72,565787.0
7436982,ITCI,2017-05-19,10.71,10.99,10.6101,10.69,266308.0,0.0,1.0,10.71,10.99,10.6101,10.69,266308.0
7436983,ITCI,2017-05-22,10.71,10.885,10.41,10.6,245462.0,0.0,1.0,10.71,10.885,10.41,10.6,245462.0
7436984,ITCI,2017-05-23,10.6,10.7561,10.465,10.6,254496.0,0.0,1.0,10.6,10.7561,10.465,10.6,254496.0
7436985,ITCI,2017-05-24,10.58,10.6,10.22,10.26,439784.0,0.0,1.0,10.58,10.6,10.22,10.26,439784.0
7436986,ITCI,2017-05-25,10.3,10.7614,10.16,10.49,652886.0,0.0,1.0,10.3,10.7614,10.16,10.49,652886.0
7436987,ITCI,2017-05-26,10.47,10.7049,10.07,10.16,406113.0,0.0,1.0,10.47,10.7049,10.07,10.16,406113.0
7436988,ITCI,2017-05-30,10.13,10.4,9.9899,10.22,414662.0,0.0,1.0,10.13,10.4,9.9899,10.22,414662.0
7436989,ITCI,2017-05-31,10.29,10.32,9.9,10.25,415307.0,0.0,1.0,10.29,10.32,9.9,10.25,415307.0
7436990,ITCI,2017-06-01,10.25,10.89,10.25,10.65,325153.0,0.0,1.0,10.25,10.89,10.25,10.65,325153.0
7436991,ITCI,2017-06-02,10.66,10.88,10.46,10.47,337617.0,0.0,1.0,10.66,10.88,10.46,10.47,337617.0
7436992,ITCI,2017-06-05,10.49,10.52,9.79,9.94,387370.0,0.0,1.0,10.49,10.52,9.79,9.94,387370.0
7436993,ITCI,2017-06-06,9.86,9.97,9.69,9.78,324801.0,0.0,1.0,9.86,9.97,9.69,9.78,324801.0
7436994,ITCI,2017-06-07,9.82,9.8899,9.41,9.72,445941.0,0.0,1.0,9.82,9.8899,9.41,9.72,445941.0
7436995,ITCI,2017-06-08,9.68,9.75,9.52,9.53,310616.0,0.0,1.0,9.68,9.75,9.52,9.53,310616.0
7436996,ITCI,2017-06-09,9.6,9.85,9.35,9.64,599471.0,0.0,1.0,9.6,9.85,9.35,9.64,599471.0
7436997,ITCI,2017-06-12,9.64,10.28,9.41,9.81,839359.0,0.0,1.0,9.64,10.28,9.41,9.81,839359.0
7436998,ITCI,2017-06-13,9.89,10.18,9.62,10.13,454372.0,0.0,1.0,9.89,10.18,9.62,10.13,454372.0
7436999,ITCI,2017-06-14,10.22,10.82,10.11,10.78,463911.0,0.0,1.0,10.22,10.82,10.11,10.78,463911.0
7437000,ITCI,2017-06-15,10.64,10.88,10.24,10.5,541613.0,0.0,1.0,10.64,10.88,10.24,10.5,541613.0
7437001,ITCI,2017-06-16,10.39,10.85,10.231,10.85,852215.0,0.0,1.0,10.39,10.85,10.231,10.85,852215.0
7437002,ITCI,2017-06-19,10.95,11.26,10.67,11.03,254425.0,0.0,1.0,10.95,11.26,10.67,11.03,254425.0
7437003,ITCI,2017-06-20,11.08,11.58,11.05,11.15,344517.0,0.0,1.0,11.08,11.58,11.05,11.15,344517.0
7437004,ITCI,2017-06-21,11.15,11.5701,10.99,11.55,342469.0,0.0,1.0,11.15,11.5701,10.99,11.55,342469.0
7437005,ITCI,2017-06-22,11.62,12.0097,11.47,11.51,337662.0,0.0,1.0,11.62,12.0097,11.47,11.51,337662.0
7437006,ITCI,2017-06-23,11.47,12.18,11.47,12.15,712784.0,0.0,1.0,11.47,12.18,11.47,12.15,712784.0
7437007,ITCI,2017-06-26,12.18,13.0,11.82,12.78,564037.0,0.0,1.0,12.18,13.0,11.82,12.78,564037.0
7437008,ITCI,2017-06-27,12.78,13.07,12.26,12.45,585140.0,0.0,1.0,12.78,13.07,12.26,12.45,585140.0
7437009,ITCI,2017-06-28,12.57,12.7,12.29,12.6,363678.0,0.0,1.0,12.57,12.7,12.29,12.6,363678.0
7437010,ITCI,2017-06-29,12.61,12.7,12.29,12.68,369057.0,0.0,1.0,12.61,12.7,12.29,12.68,369057.0
7437011,ITCI,2017-06-30,12.67,12.67,12.23,12.42,366017.0,0.0,1.0,12.67,12.67,12.23,12.42,366017.0
7437012,ITCI,2017-07-03,12.42,12.795,12.42,12.67,201448.0,0.0,1.0,12.42,12.795,12.42,12.67,201448.0
7437013,ITCI,2017-07-05,12.67,12.88,12.58,12.82,352522.0,0.0,1.0,12.67,12.88,12.58,12.82,352522.0
7437014,ITCI,2017-07-06,12.76,12.93,11.99,12.01,419824.0,0.0,1.0,12.76,12.93,11.99,12.01,419824.0
7437015,ITCI,2017-07-07,12.04,12.27,12.03,12.25,210066.0,0.0,1.0,12.04,12.27,12.03,12.25,210066.0
7437016,ITCI,2017-07-10,12.28,12.31,11.8193,11.85,185984.0,0.0,1.0,12.28,12.31,11.8193,11.85,185984.0
7437017,ITCI,2017-07-11,11.87,12.0,11.76,11.87,172008.0,0.0,1.0,11.87,12.0,11.76,11.87,172008.0
7437018,ITCI,2017-07-12,11.92,12.01,11.74,11.85,303596.0,0.0,1.0,11.92,12.01,11.74,11.85,303596.0
7437019,ITCI,2017-07-13,11.82,12.09,11.71,12.0,336726.0,0.0,1.0,11.82,12.09,11.71,12.0,336726.0
7437020,ITCI,2017-07-14,12.0,12.36,11.83,11.93,207194.0,0.0,1.0,12.0,12.36,11.83,11.93,207194.0
7437021,ITCI,2017-07-17,11.91,12.71,11.86,12.4,299727.0,0.0,1.0,11.91,12.71,11.86,12.4,299727.0
7437022,ITCI,2017-07-18,12.33,12.4,11.73,12.3,286075.0,0.0,1.0,12.33,12.4,11.73,12.3,286075.0
7437023,ITCI,2017-07-19,12.38,12.66,12.31,12.43,203025.0,0.0,1.0,12.38,12.66,12.31,12.43,203025.0
7437024,ITCI,2017-07-20,12.42,12.91,12.42,12.87,181679.0,0.0,1.0,12.42,12.91,12.42,12.87,181679.0
7437025,ITCI,2017-07-21,13.0,13.27,12.53,12.58,253787.0,0.0,1.0,13.0,13.27,12.53,12.58,253787.0
7437026,ITCI,2017-07-24,12.56,12.7892,12.32,12.53,213339.0,0.0,1.0,12.56,12.7892,12.32,12.53,213339.0
7437027,ITCI,2017-07-25,12.64,12.72,12.3,12.35,227818.0,0.0,1.0,12.64,12.72,12.3,12.35,227818.0
7437028,ITCI,2017-07-26,12.34,12.5284,12.13,12.32,210339.0,0.0,1.0,12.34,12.5284,12.13,12.32,210339.0
7437029,ITCI,2017-07-27,12.35,12.35,11.54,11.66,302314.0,0.0,1.0,12.35,12.35,11.54,11.66,302314.0
7437030,ITCI,2017-07-28,11.65,12.02,11.55,11.72,228090.0,0.0,1.0,11.65,12.02,11.55,11.72,228090.0
7437031,ITCI,2017-07-31,11.74,11.97,11.44,11.57,231003.0,0.0,1.0,11.74,11.97,11.44,11.57,231003.0
7437032,ITCI,2017-08-01,11.64,11.6775,11.19,11.25,175069.0,0.0,1.0,11.64,11.6775,11.19,11.25,175069.0
7437033,ITCI,2017-08-02,11.24,11.35,10.68,11.21,207606.0,0.0,1.0,11.24,11.35,10.68,11.21,207606.0
7437034,ITCI,2017-08-03,11.24,11.55,10.87,10.98,156290.0,0.0,1.0,11.24,11.55,10.87,10.98,156290.0
7437035,ITCI,2017-08-04,10.96,11.47,10.83,11.35,231305.0,0.0,1.0,10.96,11.47,10.83,11.35,231305.0
7437036,ITCI,2017-08-07,11.38,11.44,10.95,10.98,198798.0,0.0,1.0,11.38,11.44,10.95,10.98,198798.0
7437037,ITCI,2017-08-08,10.99,11.28,10.72,10.79,271814.0,0.0,1.0,10.99,11.28,10.72,10.79,271814.0
7437038,ITCI,2017-08-09,10.67,11.44,10.25,11.42,349233.0,0.0,1.0,10.67,11.44,10.25,11.42,349233.0
7437039,ITCI,2017-08-10,11.47,11.57,10.67,10.77,263797.0,0.0,1.0,11.47,11.57,10.67,10.77,263797.0
7437040,ITCI,2017-08-11,10.87,11.05,10.65,11.01,225214.0,0.0,1.0,10.87,11.05,10.65,11.01,225214.0
7437041,ITCI,2017-08-14,11.16,11.67,10.755,11.62,299480.0,0.0,1.0,11.16,11.67,10.755,11.62,299480.0
7437042,ITCI,2017-08-15,11.72,11.9501,11.37,11.61,322578.0,0.0,1.0,11.72,11.9501,11.37,11.61,322578.0
7437043,ITCI,2017-08-16,11.64,12.25,11.51,11.59,377874.0,0.0,1.0,11.64,12.25,11.51,11.59,377874.0
7437044,ITCI,2017-08-17,11.59,11.985,10.841,11.42,346842.0,0.0,1.0,11.59,11.985,10.841,11.42,346842.0
7437045,ITCI,2017-08-18,11.28,11.47,10.99,11.11,249667.0,0.0,1.0,11.28,11.47,10.99,11.11,249667.0
7437046,ITCI,2017-08-21,11.08,11.269,10.82,10.93,209066.0,0.0,1.0,11.08,11.269,10.82,10.93,209066.0
7437047,ITCI,2017-08-22,10.96,11.37,10.85,11.27,160514.0,0.0,1.0,10.96,11.37,10.85,11.27,160514.0
7437048,ITCI,2017-08-23,15.04,15.6899,13.82,14.39,7321679.0,0.0,1.0,15.04,15.6899,13.82,14.39,7321679.0
7437049,ITCI,2017-08-24,14.89,15.91,14.55,15.9,1786079.0,0.0,1.0,14.89,15.91,14.55,15.9,1786079.0
7437050,ITCI,2017-08-25,15.9,16.68,15.07,15.27,1081258.0,0.0,1.0,15.9,16.68,15.07,15.27,1081258.0
7437051,ITCI,2017-08-28,15.47,15.82,15.085,15.7,374299.0,0.0,1.0,15.47,15.82,15.085,15.7,374299.0
7437052,ITCI,2017-08-29,15.55,16.03,15.27,15.9,331233.0,0.0,1.0,15.55,16.03,15.27,15.9,331233.0
7437053,ITCI,2017-08-30,17.13,18.74,16.45,18.29,1869887.0,0.0,1.0,17.13,18.74,16.45,18.29,1869887.0
7437054,ITCI,2017-08-31,18.33,18.63,17.49,18.45,810315.0,0.0,1.0,18.33,18.63,17.49,18.45,810315.0
7437055,ITCI,2017-09-01,18.4,18.73,17.9,18.67,372452.0,0.0,1.0,18.4,18.73,17.9,18.67,372452.0
7437056,ITCI,2017-09-05,18.61,19.26,18.38,19.18,522182.0,0.0,1.0,18.61,19.26,18.38,19.18,522182.0
7437057,ITCI,2017-09-06,19.21,19.42,18.8,18.97,435409.0,0.0,1.0,19.21,19.42,18.8,18.97,435409.0
7437058,ITCI,2017-09-07,20.0,22.665,19.83,22.1,2510714.0,0.0,1.0,20.0,22.665,19.83,22.1,2510714.0
7437059,ITCI,2017-09-08,22.44,22.5,21.09,21.39,799959.0,0.0,1.0,22.44,22.5,21.09,21.39,799959.0
7437060,ITCI,2017-09-11,21.66,21.7,20.36,20.9,728815.0,0.0,1.0,21.66,21.7,20.36,20.9,728815.0
7437061,ITCI,2017-09-12,21.01,21.13,20.33,20.56,689856.0,0.0,1.0,21.01,21.13,20.33,20.56,689856.0
7437062,ITCI,2017-09-13,20.56,20.91,20.28,20.46,475065.0,0.0,1.0,20.56,20.91,20.28,20.46,475065.0
7437063,ITCI,2017-09-14,20.25,20.39,19.16,19.5,573131.0,0.0,1.0,20.25,20.39,19.16,19.5,573131.0
7437064,ITCI,2017-09-15,19.91,19.91,19.14,19.74,934861.0,0.0,1.0,19.91,19.91,19.14,19.74,934861.0
7437065,ITCI,2017-09-18,19.8,20.579,19.74,20.2,503754.0,0.0,1.0,19.8,20.579,19.74,20.2,503754.0
7437066,ITCI,2017-09-19,20.21,20.65,19.86,20.19,319424.0,0.0,1.0,20.21,20.65,19.86,20.19,319424.0
7437067,ITCI,2017-09-20,20.21,20.45,19.71,19.95,386326.0,0.0,1.0,20.21,20.45,19.71,19.95,386326.0
7437068,ITCI,2017-09-21,20.04,20.08,19.21,19.25,518441.0,0.0,1.0,20.04,20.08,19.21,19.25,518441.0
7437069,ITCI,2017-09-22,19.21,19.47,18.95,19.29,569450.0,0.0,1.0,19.21,19.47,18.95,19.29,569450.0
7437070,ITCI,2017-09-25,19.33,20.0,19.33,19.8,371711.0,0.0,1.0,19.33,20.0,19.33,19.8,371711.0
7437071,ITCI,2017-09-26,19.88,20.0,19.07,19.23,434666.0,0.0,1.0,19.88,20.0,19.07,19.23,434666.0
7437072,ITCI,2017-09-27,18.08,18.1567,16.3501,16.66,2622941.0,0.0,1.0,18.08,18.1567,16.3501,16.66,2622941.0
7437073,ITCI,2017-09-28,15.11,15.51,14.8,15.45,8894187.0,0.0,1.0,15.11,15.51,14.8,15.45,8894187.0
7437074,ITCI,2017-09-29,15.5,15.86,15.3125,15.78,1438347.0,0.0,1.0,15.5,15.86,15.3125,15.78,1438347.0
7437075,ITCI,2017-10-02,15.68,15.79,15.07,15.51,1634902.0,0.0,1.0,15.68,15.79,15.07,15.51,1634902.0
7437076,ITCI,2017-10-03,15.75,16.1,15.56,15.92,1007572.0,0.0,1.0,15.75,16.1,15.56,15.92,1007572.0
7437077,ITCI,2017-10-04,15.98,16.95,15.9,16.66,1439364.0,0.0,1.0,15.98,16.95,15.9,16.66,1439364.0
7437078,ITCI,2017-10-05,16.67,17.19,16.43,16.79,929723.0,0.0,1.0,16.67,17.19,16.43,16.79,929723.0
7437079,ITCI,2017-10-06,16.77,17.04,16.33,16.49,1272373.0,0.0,1.0,16.77,17.04,16.33,16.49,1272373.0
7437080,ITCI,2017-10-09,16.48,16.85,16.21,16.38,810083.0,0.0,1.0,16.48,16.85,16.21,16.38,810083.0
7437081,ITCI,2017-10-10,16.55,16.65,16.0504,16.28,746304.0,0.0,1.0,16.55,16.65,16.0504,16.28,746304.0
7437082,ITCI,2017-10-11,16.33,16.3893,15.85,16.09,745799.0,0.0,1.0,16.33,16.3893,15.85,16.09,745799.0
7437083,ITCI,2017-10-12,16.03,16.39,15.9,16.38,763552.0,0.0,1.0,16.03,16.39,15.9,16.38,763552.0
7437084,ITCI,2017-10-13,16.32,16.32,15.8,16.09,546697.0,0.0,1.0,16.32,16.32,15.8,16.09,546697.0
7437085,ITCI,2017-10-16,16.04,16.43,15.75,15.9,396021.0,0.0,1.0,16.04,16.43,15.75,15.9,396021.0
7437086,ITCI,2017-10-17,15.9,16.13,15.71,15.96,421984.0,0.0,1.0,15.9,16.13,15.71,15.96,421984.0
7437087,ITCI,2017-10-18,16.01,16.14,15.62,15.99,542657.0,0.0,1.0,16.01,16.14,15.62,15.99,542657.0
7437088,ITCI,2017-10-19,15.98,16.12,15.67,16.09,365512.0,0.0,1.0,15.98,16.12,15.67,16.09,365512.0
7437089,ITCI,2017-10-20,16.14,16.178,15.82,16.08,450554.0,0.0,1.0,16.14,16.178,15.82,16.08,450554.0
7437090,ITCI,2017-10-23,16.24,16.29,15.8,15.88,537328.0,0.0,1.0,16.24,16.29,15.8,15.88,537328.0
7437091,ITCI,2017-10-24,15.9,16.03,15.57,15.77,376050.0,0.0,1.0,15.9,16.03,15.57,15.77,376050.0
7437092,ITCI,2017-10-25,15.71,15.92,15.51,15.87,603352.0,0.0,1.0,15.71,15.92,15.51,15.87,603352.0
7437093,ITCI,2017-10-26,15.79,16.05,15.27,15.42,556527.0,0.0,1.0,15.79,16.05,15.27,15.42,556527.0
7437094,ITCI,2017-10-27,15.37,15.62,15.27,15.51,545184.0,0.0,1.0,15.37,15.62,15.27,15.51,545184.0
7437095,ITCI,2017-10-30,16.0,16.025,15.33,15.65,706445.0,0.0,1.0,16.0,16.025,15.33,15.65,706445.0
7437096,ITCI,2017-10-31,15.66,15.8,15.38,15.59,405356.0,0.0,1.0,15.66,15.8,15.38,15.59,405356.0
7437097,ITCI,2017-11-01,15.69,15.73,14.821,15.07,517939.0,0.0,1.0,15.69,15.73,14.821,15.07,517939.0
7437098,ITCI,2017-11-02,15.06,15.13,14.64,14.75,387441.0,0.0,1.0,15.06,15.13,14.64,14.75,387441.0
7437099,ITCI,2017-11-03,14.85,14.92,14.65,14.82,285835.0,0.0,1.0,14.85,14.92,14.65,14.82,285835.0
7437100,ITCI,2017-11-06,14.79,15.07,14.79,14.83,272879.0,0.0,1.0,14.79,15.07,14.79,14.83,272879.0
7437101,ITCI,2017-11-07,14.79,15.04,14.6,14.61,280240.0,0.0,1.0,14.79,15.04,14.6,14.61,280240.0
7437102,ITCI,2017-11-09,14.2,15.07,14.2,14.94,675737.0,0.0,1.0,14.2,15.07,14.2,14.94,675737.0
7437103,ITCI,2017-11-10,14.98,15.079,14.47,14.79,281190.0,0.0,1.0,14.98,15.079,14.47,14.79,281190.0
7437104,ITCI,2017-11-13,14.78,14.95,14.65,14.79,260505.0,0.0,1.0,14.78,14.95,14.65,14.79,260505.0
7437105,ITCI,2017-11-14,14.8,14.99,14.44,14.54,333437.0,0.0,1.0,14.8,14.99,14.44,14.54,333437.0
7437106,ITCI,2017-11-15,14.4,14.81,14.3,14.66,270335.0,0.0,1.0,14.4,14.81,14.3,14.66,270335.0
7437107,ITCI,2017-11-16,14.76,15.29,14.66,15.06,408415.0,0.0,1.0,14.76,15.29,14.66,15.06,408415.0
7437108,ITCI,2017-11-17,15.03,15.75,14.3845,15.32,672740.0,0.0,1.0,15.03,15.75,14.3845,15.32,672740.0
7437109,ITCI,2017-11-20,15.9,16.64,15.58,16.17,948792.0,0.0,1.0,15.9,16.64,15.58,16.17,948792.0
7437110,ITCI,2017-11-21,16.21,16.27,15.6,15.7,511351.0,0.0,1.0,16.21,16.27,15.6,15.7,511351.0
7437111,ITCI,2017-11-22,15.75,15.93,15.47,15.69,306848.0,0.0,1.0,15.75,15.93,15.47,15.69,306848.0
7437112,ITCI,2017-11-24,15.77,16.15,15.53,15.91,180100.0,0.0,1.0,15.77,16.15,15.53,15.91,180100.0
7437113,ITCI,2017-11-27,15.91,16.149,14.96,15.18,546453.0,0.0,1.0,15.91,16.149,14.96,15.18,546453.0
7437114,ITCI,2017-11-28,15.55,15.67,15.15,15.3,455742.0,0.0,1.0,15.55,15.67,15.15,15.3,455742.0
7437115,ITCI,2017-11-29,15.35,15.42,14.89,15.01,437625.0,0.0,1.0,15.35,15.42,14.89,15.01,437625.0
7437116,ITCI,2017-11-30,15.0,15.6,14.93,15.5,456249.0,0.0,1.0,15.0,15.6,14.93,15.5,456249.0
7437117,ITCI,2017-12-01,15.48,15.65,14.751,15.345,428138.0,0.0,1.0,15.48,15.65,14.751,15.345,428138.0
7437118,ITCI,2017-12-04,15.49,15.67,14.88,14.92,376632.0,0.0,1.0,15.49,15.67,14.88,14.92,376632.0
7437119,ITCI,2017-12-05,14.93,15.36,14.65,14.82,379831.0,0.0,1.0,14.93,15.36,14.65,14.82,379831.0
7437120,ITCI,2017-12-06,14.79,14.91,14.3074,14.67,321838.0,0.0,1.0,14.79,14.91,14.3074,14.67,321838.0
7437121,ITCI,2017-12-07,14.72,15.45,14.565,15.09,462292.0,0.0,1.0,14.72,15.45,14.565,15.09,462292.0
7437122,ITCI,2017-12-08,15.19,15.33,14.95,15.01,292785.0,0.0,1.0,15.19,15.33,14.95,15.01,292785.0
7437123,ITCI,2017-12-11,15.08,15.3,14.78,14.87,341574.0,0.0,1.0,15.08,15.3,14.78,14.87,341574.0
7437124,ITCI,2017-12-12,15.0,15.44,14.76,14.86,350928.0,0.0,1.0,15.0,15.44,14.76,14.86,350928.0
7437125,ITCI,2017-12-13,14.83,15.26,14.83,15.1,360416.0,0.0,1.0,14.83,15.26,14.83,15.1,360416.0
7437126,ITCI,2017-12-14,15.11,15.59,14.75,14.9,373956.0,0.0,1.0,15.11,15.59,14.75,14.9,373956.0
7437127,ITCI,2017-12-15,15.08,15.48,14.94,15.24,1550509.0,0.0,1.0,15.08,15.48,14.94,15.24,1550509.0
7437128,ITCI,2017-12-18,15.36,15.73,14.94,15.65,578974.0,0.0,1.0,15.36,15.73,14.94,15.65,578974.0
7437129,ITCI,2017-12-19,15.6,15.97,15.3,15.53,344441.0,0.0,1.0,15.6,15.97,15.3,15.53,344441.0
7437130,ITCI,2017-12-20,15.5,15.79,15.45,15.5,346115.0,0.0,1.0,15.5,15.79,15.45,15.5,346115.0
7437131,ITCI,2017-12-21,15.5,15.88,15.31,15.78,429894.0,0.0,1.0,15.5,15.88,15.31,15.78,429894.0
7437132,ITCI,2017-12-22,15.7,15.82,15.53,15.69,225371.0,0.0,1.0,15.7,15.82,15.53,15.69,225371.0
7437133,ITCI,2017-12-26,15.6,15.8,15.41,15.58,162331.0,0.0,1.0,15.6,15.8,15.41,15.58,162331.0
7437134,ITCI,2017-12-27,15.59,15.69,15.27,15.29,159738.0,0.0,1.0,15.59,15.69,15.27,15.29,159738.0
7437135,ITCI,2017-12-28,15.33,15.345,15.07,15.19,265284.0,0.0,1.0,15.33,15.345,15.07,15.19,265284.0
7437136,ITCI,2017-12-29,15.26,15.26,14.48,14.48,383676.0,0.0,1.0,15.26,15.26,14.48,14.48,383676.0
7437137,ITCI,2018-01-02,14.63,15.19,14.46,15.16,395394.0,0.0,1.0,14.63,15.19,14.46,15.16,395394.0
7437138,ITCI,2018-01-03,15.17,15.67,14.95,15.47,233221.0,0.0,1.0,15.17,15.67,14.95,15.47,233221.0
7437139,ITCI,2018-01-04,15.85,17.44,15.57,17.34,1506869.0,0.0,1.0,15.85,17.44,15.57,17.34,1506869.0
7437140,ITCI,2018-01-05,17.39,17.83,16.82,17.47,989441.0,0.0,1.0,17.39,17.83,16.82,17.47,989441.0
7437141,ITCI,2018-01-08,17.44,17.64,17.08,17.46,795743.0,0.0,1.0,17.44,17.64,17.08,17.46,795743.0
7437142,ITCI,2018-01-09,17.5,18.56,17.4388,18.12,817554.0,0.0,1.0,17.5,18.56,17.4388,18.12,817554.0
7437143,ITCI,2018-01-10,18.12,18.46,18.03,18.37,373717.0,0.0,1.0,18.12,18.46,18.03,18.37,373717.0
7437144,ITCI,2018-01-11,18.39,18.49,18.15,18.4,392982.0,0.0,1.0,18.39,18.49,18.15,18.4,392982.0
7437145,ITCI,2018-01-12,18.49,19.37,18.49,18.87,433715.0,0.0,1.0,18.49,19.37,18.49,18.87,433715.0
7437146,ITCI,2018-01-16,18.99,19.27,18.05,18.06,343360.0,0.0,1.0,18.99,19.27,18.05,18.06,343360.0
7437147,ITCI,2018-01-17,18.23,18.28,17.6,17.97,379919.0,0.0,1.0,18.23,18.28,17.6,17.97,379919.0
7437148,ITCI,2018-01-18,17.97,18.15,17.500999999999998,17.98,181321.0,0.0,1.0,17.97,18.15,17.500999999999998,17.98,181321.0
7437149,ITCI,2018-01-19,17.89,18.2,17.71,18.04,187054.0,0.0,1.0,17.89,18.2,17.71,18.04,187054.0
7437150,ITCI,2018-01-22,18.08,18.43,17.82,18.16,324528.0,0.0,1.0,18.08,18.43,17.82,18.16,324528.0
7437151,ITCI,2018-01-23,18.08,18.57,18.05,18.29,198570.0,0.0,1.0,18.08,18.57,18.05,18.29,198570.0
